"Call Failure","Complains","Subscription Length","Charge Amount","Seconds of Use","Frequency of use","Frequency of SMS","Distinct Called Numbers","Age Group","Tariff Plan","Status","Age","Customer Value","Churn"
8,0,38,0,4370,71,5,17,3,1,1,30,197.64,0
0,0,39,0,318,5,7,4,2,1,2,25,46.035,0
10,0,37,0,2453,60,359,24,3,1,1,30,1536.52,0
10,0,38,0,4198,66,1,35,1,1,1,15,240.02,0
3,0,38,0,2393,58,2,33,1,1,1,15,145.805,0
11,0,38,1,3775,82,32,28,3,1,1,30,282.28,0
4,0,38,0,2360,39,285,18,3,1,1,30,1235.96,0
13,0,37,2,9115,121,144,43,3,1,1,30,945.44,0
7,0,38,0,13773,169,0,44,3,1,1,30,557.68,0
7,0,38,1,4515,83,2,25,3,1,1,30,191.92,0
6,0,38,0,5918,95,7,12,3,1,1,30,268.52,0
9,0,38,0,2238,54,8,17,3,1,2,30,123.68,0
25,0,38,3,15140,225,54,32,3,1,1,30,830.6,0
4,0,38,1,3095,27,483,8,3,1,1,30,2056.88,0
9,0,37,0,15485,182,150,30,2,1,1,25,1380.015,0
3,0,37,1,6500,86,186,26,3,1,1,30,1007.44,0
0,0,37,0,875,14,0,11,2,1,2,25,40.005,1
2,0,38,0,710,14,13,8,3,1,2,30,80.96,0
0,0,37,0,0,0,0,0,2,1,2,25,0,1
3,0,37,0,7508,127,384,43,2,1,1,25,2071.575,0
7,0,37,1,11465,154,11,47,4,1,1,45,317.975,0
8,0,37,1,6718,75,108,37,2,1,1,25,791.685,0
23,1,33,0,955,47,16,17,2,1,2,25,117.09,1
21,1,36,8,10435,93,1,42,5,2,1,55,159.42,0
13,1,36,1,5818,98,26,24,2,1,1,25,383.22,1
1,0,34,0,2840,22,0,14,3,1,1,30,114.48,0
9,0,35,0,2990,41,9,16,3,1,2,30,157.24,1
9,1,36,0,2268,44,34,31,3,1,2,30,228.48,1
0,0,36,0,133,2,0,2,3,1,2,30,5.4,1
1,0,36,0,1668,25,0,6,3,1,1,30,67.72,0
3,0,33,1,6785,97,14,22,5,1,1,55,124.23,0
0,1,36,0,628,7,9,4,4,1,2,45,38.375,1
0,0,36,1,338,4,4,2,5,1,1,55,11.13,0
25,0,31,3,16075,238,0,80,2,2,1,25,734.085,0
6,0,34,3,6965,116,271,33,2,2,1,25,1538.145,0
2,0,36,0,3718,82,2,28,2,1,1,25,180,0
3,0,35,0,1665,44,38,20,3,1,2,30,220.36,0
6,0,36,0,2780,53,175,23,2,1,1,25,914.985,0
4,0,27,1,1315,36,193,11,2,2,1,25,929.295,0
4,0,26,0,1568,39,30,68,4,1,1,45,115.175,0
11,0,27,0,700,25,10,7,2,1,2,25,77.625,0
0,0,26,0,825,10,21,3,4,1,2,45,73.375,1
10,0,25,0,1225,32,19,13,2,1,1,25,142.065,0
2,0,25,0,3225,61,8,23,3,1,1,30,163.44,0
2,0,18,0,1695,26,28,14,2,1,1,25,203.445,0
16,0,17,1,6393,141,85,42,2,2,1,25,676.53,0
12,0,15,0,8933,171,73,40,4,1,1,45,410.1,0
8,0,16,3,2853,45,31,19,3,2,1,30,239.92,0
2,0,9,1,4390,40,215,10,3,1,1,30,1037.2,0
3,0,9,1,1488,19,0,7,3,1,1,30,60.28,1
11,0,40,1,4430,74,10,19,3,1,1,30,220.16,0
3,0,41,1,378,8,12,6,3,1,1,30,63.44,0
13,0,39,1,2513,63,364,26,3,1,1,30,1559.04,0
13,0,40,1,4258,69,6,37,1,1,1,15,270.985,0
6,0,40,1,2453,61,7,35,2,1,1,25,144.63,0
14,0,40,2,3835,85,37,30,3,2,1,30,304.8,0
7,0,40,1,2420,42,290,20,3,1,1,30,1258.48,0
16,0,39,3,9175,124,149,45,3,1,1,30,967.96,0
10,0,40,1,13833,172,5,46,3,1,1,30,580.2,0
10,0,40,2,4575,86,7,27,3,1,1,30,214.44,0
9,0,40,1,5978,98,12,14,3,1,1,30,291.04,0
12,0,40,1,2298,57,13,19,3,1,1,30,146.2,0
28,0,40,4,15200,228,59,34,3,1,1,30,853.12,0
7,0,40,2,3155,30,488,10,3,1,1,30,2079.4,0
12,0,39,1,15545,185,155,32,2,1,1,25,1405.35,0
6,0,39,2,6560,89,191,28,3,1,1,30,1029.96,0
3,0,39,1,935,17,5,13,2,1,1,25,65.34,0
5,0,40,1,770,17,18,10,3,1,1,30,103.48,0
3,1,39,1,60,3,5,2,2,1,1,25,25.335,1
6,0,39,1,7568,130,389,45,3,1,1,30,1863.92,0
10,0,39,2,11525,157,16,49,4,2,1,45,332.05,0
11,0,39,2,6778,78,113,39,2,1,1,25,817.02,0
26,1,35,1,1015,50,21,19,3,1,1,30,126.6,1
24,1,38,9,10495,96,6,44,5,2,1,55,167.865,0
16,0,38,2,5878,101,31,26,2,1,1,25,408.555,0
4,0,36,1,2900,25,5,16,3,1,1,30,137,0
12,0,37,1,3050,44,14,18,3,1,1,30,179.76,1
12,1,38,1,2328,47,39,33,3,1,1,30,251,1
3,0,38,1,193,5,5,4,3,1,1,30,27.92,1
4,0,38,1,1728,28,5,8,4,1,1,45,56.4,0
6,0,35,2,6845,100,19,24,5,1,1,55,132.675,0
3,0,38,1,688,10,14,6,4,1,1,45,52.45,1
3,0,38,2,398,7,9,4,5,1,1,55,19.575,0
28,0,33,4,16135,241,5,82,2,1,1,25,759.42,0
9,1,36,4,7025,119,276,35,3,2,1,30,1389.76,0
5,0,38,1,3778,85,7,30,3,1,1,30,182.52,0
6,0,37,1,1725,47,43,22,3,1,1,30,242.88,0
9,0,38,1,2840,56,180,25,2,1,1,25,940.32,0
7,0,29,2,1375,39,198,13,3,2,1,30,848.56,0
7,0,28,1,1628,42,35,70,4,1,1,45,129.25,0
14,0,29,1,760,28,15,9,3,1,1,30,91.52,0
3,0,28,1,885,13,26,5,4,1,1,45,87.45,0
13,0,27,1,1285,35,24,15,2,1,1,25,167.4,0
5,0,27,1,3285,64,13,25,3,1,1,30,185.96,0
5,0,20,1,1755,29,33,16,2,1,1,25,228.78,0
19,0,19,2,6453,144,90,44,2,2,1,25,701.865,0
15,0,17,1,8993,174,78,42,5,1,1,55,254.505,0
11,0,18,4,2913,48,36,21,3,1,1,30,262.44,0
5,0,11,2,4450,43,220,12,3,1,1,30,1059.72,0
6,1,11,2,1548,22,5,9,3,1,1,30,82.8,1
5,0,36,0,4310,68,0,15,2,1,1,25,197.01,0
0,0,37,0,258,2,2,2,2,1,2,25,20.7,0
7,0,35,0,2393,57,354,22,2,1,1,25,1703.25,0
7,0,36,0,4138,63,0,33,1,1,1,15,231.055,0
0,0,36,0,2333,55,0,31,1,1,1,15,131.34,0
8,0,36,0,3715,79,27,26,3,1,1,30,259.76,0
1,0,36,0,2300,36,280,16,3,1,1,30,1213.44,0
10,0,35,1,9055,118,139,41,3,1,1,30,922.92,0
4,0,36,0,13713,166,0,42,3,1,1,30,555.16,0
4,0,36,0,4455,80,0,23,3,1,1,30,181.4,0
3,0,36,0,5858,92,2,10,2,1,1,25,276.75,0
6,1,36,0,2178,51,3,15,3,1,2,30,101.16,0
22,0,36,2,15080,222,49,30,3,1,1,30,808.08,0
1,0,36,0,3035,24,478,6,3,1,1,30,2034.36,0
6,0,35,0,15425,179,145,28,2,1,1,25,1354.68,0
0,0,35,0,6440,83,181,24,3,1,1,30,984.92,0
0,0,35,0,815,11,0,9,2,1,2,25,37.17,0
0,0,36,0,650,11,8,6,2,1,2,25,65.745,0
0,0,35,0,0,0,0,0,2,1,2,25,0,1
0,0,35,0,7448,124,379,41,2,1,1,25,2046.24,0
4,0,35,0,11405,151,6,45,3,1,1,30,486.24,0
5,0,35,0,6658,72,103,35,2,1,1,25,766.35,0
20,0,31,0,895,44,11,15,2,1,2,25,91.755,1
18,0,34,7,10375,90,0,40,4,1,1,45,261.625,0
10,0,34,0,5758,95,21,22,2,1,1,25,357.885,1
0,0,32,0,2780,19,0,12,3,1,1,30,111.96,0
6,0,33,0,2930,38,4,14,2,1,2,25,151.56,1
6,1,34,0,2208,41,29,29,3,1,2,30,205.96,1
0,1,34,0,0,0,0,0,3,1,2,30,0,1
0,0,34,0,1608,22,0,4,3,1,1,30,65.2,0
0,0,31,0,6725,94,9,20,4,1,1,45,192.975,0
0,0,34,0,568,4,4,2,4,1,2,45,24.3,1
0,0,34,0,0,0,0,0,5,1,1,55,0,0
22,0,29,2,16015,235,0,78,2,1,1,25,731.25,0
3,0,32,2,6905,113,266,31,2,2,1,25,1512.81,0
0,0,34,0,3658,79,0,26,2,1,1,25,168.165,0
0,0,33,0,1605,41,33,18,3,1,2,30,197.84,0
3,0,34,0,2720,50,170,21,2,1,1,25,889.65,0
1,0,25,0,1255,33,188,9,2,2,1,25,903.96,0
1,0,24,0,1508,36,25,66,4,1,1,45,101.1,0
8,0,25,0,640,22,5,5,2,1,2,25,52.29,0
0,1,24,0,765,7,16,1,4,1,2,45,59.3,1
7,0,23,0,1165,29,14,11,2,1,1,25,116.73,0
0,0,23,0,3165,58,3,21,3,1,1,30,140.92,0
0,0,16,0,1635,23,23,12,2,1,1,25,178.11,0
13,0,15,0,6333,138,80,40,1,2,1,15,795.905,0
9,0,13,0,8873,168,68,38,4,1,1,45,396.025,0
5,0,14,2,2793,42,26,17,3,1,1,30,217.4,0
0,0,7,0,4330,37,210,8,3,1,1,30,1014.68,0
0,0,7,0,1428,16,0,5,3,1,1,30,57.76,1
9,0,42,1,4450,73,15,21,3,1,1,30,240.92,0
1,1,43,0,398,7,17,8,3,1,2,30,84.2,1
11,0,41,1,2533,62,369,28,3,1,1,30,1579.8,0
11,0,42,1,4278,68,11,39,1,1,1,15,299.53,0
4,0,42,1,2473,60,12,37,2,1,1,25,167.985,0
12,0,42,2,3855,84,42,32,3,1,1,30,325.56,0
5,0,42,1,2440,41,295,22,3,1,1,30,1279.24,0
14,0,41,3,9195,123,154,47,3,1,1,30,988.72,0
8,0,42,1,13853,171,10,48,3,1,1,30,600.96,0
8,0,42,2,4595,85,12,29,3,1,1,30,235.2,0
7,0,42,1,5998,97,17,16,3,1,1,30,311.8,0
10,0,42,0,2318,56,18,21,3,1,2,30,166.96,0
26,0,42,4,15220,227,64,36,3,2,1,30,873.88,0
5,0,42,2,3175,29,493,12,3,1,1,30,2100.16,0
10,0,41,1,15565,184,160,34,2,1,1,25,1428.705,0
4,0,41,2,6580,88,196,30,3,1,1,30,1050.72,0
1,0,41,0,955,16,10,15,2,1,2,25,88.695,0
3,0,42,0,790,16,23,12,3,1,2,30,124.24,0
1,0,41,0,80,2,10,4,2,1,2,25,48.69,1
4,0,41,1,7588,129,394,47,3,1,1,30,1884.68,0
8,0,41,2,11545,156,21,51,4,1,1,45,345.025,0
9,0,41,2,6798,77,118,41,2,1,1,25,840.375,0
24,1,37,0,1035,49,26,21,3,1,2,30,147.36,1
22,1,40,9,10515,95,11,46,5,1,1,55,175.65,0
14,0,40,2,5898,100,36,28,2,1,1,25,431.91,1
2,0,38,1,2920,24,10,18,3,1,1,30,157.76,0
10,0,39,0,3070,43,19,20,3,1,2,30,200.52,1
10,1,40,0,2348,46,44,35,3,1,2,30,271.76,1
1,0,40,0,213,4,10,6,3,1,2,30,48.68,1
2,0,40,1,1748,27,10,10,4,1,1,45,69.375,0
4,0,37,2,6865,99,24,26,5,1,1,55,140.46,0
1,1,40,0,708,9,19,8,4,1,2,45,65.425,1
1,0,40,2,418,6,14,6,5,1,1,55,27.36,0
26,0,35,4,16155,240,10,84,2,1,1,25,782.775,0
7,1,38,4,7045,118,281,37,2,2,1,25,1586.835,0
3,0,40,1,3798,84,12,32,3,1,1,30,203.28,0
4,0,39,0,1745,46,48,24,3,1,2,30,263.64,0
7,0,40,1,2860,55,185,27,2,1,1,25,963.675,0
5,0,31,2,1395,38,203,15,2,2,1,25,977.985,0
5,0,30,1,1648,41,40,72,4,1,1,45,142.225,0
12,0,31,0,780,27,20,11,3,1,2,30,112.28,0
1,0,30,0,905,12,31,7,4,1,2,45,100.425,0
11,0,29,1,1305,34,29,17,2,1,1,25,190.755,0
3,0,29,1,3305,63,18,27,3,1,1,30,206.72,0
3,0,22,1,1775,28,38,18,2,1,1,25,252.135,0
17,0,21,2,6473,143,95,46,2,2,1,25,725.22,0
13,0,19,1,9013,173,83,44,5,1,1,55,262.29,0
9,0,20,4,2933,47,41,23,3,1,1,30,283.2,0
3,0,13,2,4470,42,225,14,3,1,1,30,1080.48,0
4,0,13,2,1568,21,10,11,3,1,1,30,103.56,1
7,0,34,0,4290,69,0,13,2,1,1,25,196.155,0
0,0,35,0,0,0,0,0,2,1,2,25,0,0
9,0,33,0,2373,58,349,20,2,1,1,25,1679.895,0
9,0,34,0,4118,64,0,31,1,1,1,15,230.01,0
2,0,34,0,2313,56,0,29,1,1,1,15,130.295,0
10,0,34,0,3695,80,22,24,3,1,1,30,239,0
3,0,34,0,2280,37,275,14,3,1,1,30,1192.68,0
12,0,33,1,9035,119,134,39,3,1,1,30,902.16,0
6,0,34,0,13693,167,0,40,3,1,1,30,554.4,0
6,0,34,0,4435,81,0,21,3,1,1,30,180.64,0
5,0,34,0,5838,93,0,8,2,1,1,25,266.895,0
8,0,34,0,2158,52,0,13,3,1,2,30,88.4,0
24,0,34,2,15060,223,44,28,3,1,1,30,787.32,0
3,0,34,0,3015,25,473,4,3,1,1,30,2013.6,0
8,0,33,0,15405,180,140,26,2,1,1,25,1331.325,0
2,0,33,0,6420,84,176,22,3,1,1,30,964.16,0
0,0,33,0,795,12,0,7,2,1,2,25,36.315,0
1,0,34,0,630,12,3,4,2,1,2,25,42.39,0
0,0,33,0,0,0,0,0,2,1,2,25,0,1
2,0,33,0,7428,125,374,39,2,1,1,25,2022.885,0
6,0,33,0,11385,152,1,43,3,1,1,30,465.48,0
7,0,33,0,6638,73,98,33,2,1,1,25,742.995,0
22,0,29,0,875,45,6,13,2,1,2,25,68.4,1
20,0,32,7,10355,91,0,38,4,1,1,45,261.15,0
12,1,32,0,5738,96,16,20,2,1,1,25,334.53,1
0,0,30,0,2760,20,0,10,3,1,1,30,111.2,0
8,1,31,0,2910,39,0,12,3,1,2,30,117.96,1
8,0,32,0,2188,42,24,27,3,1,2,30,185.2,1
0,1,32,0,0,0,0,0,3,1,2,30,0,1
0,0,32,0,1588,23,0,2,3,1,1,30,64.44,0
2,0,29,0,6705,95,4,18,4,1,1,45,180,0
0,0,32,0,0,0,0,0,4,1,2,45,0,1
0,0,32,0,0,0,0,0,5,1,1,55,0,0
24,0,27,2,15995,236,0,76,2,1,1,25,730.395,0
5,0,30,2,6885,114,261,29,2,2,1,25,1489.455,0
1,0,32,0,3638,80,0,24,2,1,1,25,167.31,0
2,0,31,0,1585,42,28,16,3,1,2,30,177.08,0
5,0,32,0,2700,51,165,19,2,1,1,25,866.295,0
3,0,23,0,1235,34,183,7,2,2,1,25,880.605,0
3,0,22,0,1488,37,20,64,4,1,1,45,88.125,0
10,0,23,0,620,23,0,3,2,1,2,25,28.935,0
0,0,22,0,0,0,11,0,4,1,2,45,27.5,0
9,0,21,0,1145,30,9,9,2,1,1,25,93.375,0
1,0,21,0,3145,59,0,19,3,1,1,30,128.16,0
1,0,14,0,1615,24,18,10,2,1,1,25,154.755,0
15,0,13,0,6313,139,75,38,1,2,1,15,767.36,0
11,0,11,0,8853,169,63,36,4,1,1,45,383.05,0
7,0,12,2,2773,43,21,15,3,1,1,30,196.64,0
1,0,5,0,4310,38,205,6,3,1,1,30,993.92,0
2,0,5,0,1408,17,0,3,3,1,1,30,57,1
13,0,44,1,4630,81,20,23,3,1,1,30,268.44,0
5,0,45,0,578,15,22,10,3,1,2,30,111.72,0
15,0,43,1,2713,70,374,30,3,1,1,30,1607.32,0
15,0,44,1,4458,76,16,41,1,1,1,15,337.37,0
8,0,44,1,2653,68,17,39,2,1,1,25,198.945,0
16,0,44,2,4035,92,47,34,3,1,1,30,353.08,0
9,0,44,1,2620,49,300,24,3,1,1,30,1306.76,0
18,0,43,3,9375,131,159,49,3,1,1,30,1016.24,0
12,0,44,1,14033,179,15,50,3,1,1,30,628.48,0
12,0,44,2,4775,93,17,31,3,1,1,30,262.72,0
11,0,44,1,6178,105,22,18,3,1,1,30,339.32,0
14,1,44,0,2498,64,23,23,3,1,2,30,194.48,0
30,0,44,4,15400,235,69,38,3,1,1,30,901.4,0
9,0,44,2,3355,37,498,14,3,1,1,30,2127.68,0
14,0,43,1,15745,192,165,36,2,1,1,25,1459.665,0
8,0,43,2,6760,96,201,32,3,1,1,30,1078.24,0
5,0,43,0,1135,24,15,17,2,1,2,25,119.655,0
7,0,44,0,970,24,28,14,3,1,2,30,151.76,0
5,0,43,0,260,10,15,6,2,1,2,25,79.65,1
8,0,43,1,7768,137,399,49,3,1,1,30,1912.2,0
12,0,43,2,11725,164,26,53,4,1,1,45,362.225,0
13,0,43,2,6978,85,123,43,2,1,1,25,871.335,0
28,1,39,0,1215,57,31,23,3,1,2,30,174.88,1
26,0,42,9,10695,103,16,48,5,2,1,55,185.97,0
18,0,42,2,6078,108,41,30,2,1,1,25,462.87,0
6,0,40,1,3100,32,15,20,3,1,1,30,185.28,0
14,1,41,0,3250,51,24,22,3,1,2,30,228.04,1
14,1,42,0,2528,54,49,37,4,1,2,45,187.05,1
5,0,42,0,393,12,15,8,3,1,2,30,76.2,1
6,0,42,1,1928,35,15,12,4,1,1,45,86.575,0
8,0,39,2,7045,107,29,28,5,1,1,55,150.78,0
5,0,42,0,888,17,24,10,4,1,2,45,82.625,1
5,0,42,2,598,14,19,8,5,1,1,55,37.68,0
30,1,37,4,16335,248,15,86,2,1,1,25,813.735,0
11,1,40,4,7225,126,286,39,3,2,1,30,1438.04,0
7,0,42,1,3978,92,17,34,3,1,1,30,230.8,0
8,0,41,0,1925,54,53,26,3,1,2,30,291.16,0
11,0,42,1,3040,63,190,29,2,1,1,25,994.635,0
9,0,33,2,1575,46,208,17,3,2,1,30,896.84,0
9,0,32,1,1828,49,45,74,5,1,1,55,95.655,0
16,0,33,0,960,35,25,13,3,1,2,30,139.8,0
5,0,32,0,1085,20,36,9,4,1,2,45,117.625,0
15,0,31,1,1485,42,34,19,2,1,1,25,221.715,0
7,0,31,1,3485,71,23,29,3,1,1,30,234.24,0
7,0,24,1,1955,36,43,20,3,1,1,30,251.64,0
21,0,23,2,6653,151,100,48,2,2,1,25,756.18,0
17,0,21,1,9193,181,88,46,5,1,1,55,272.61,0
13,0,22,4,3113,55,46,25,3,1,1,30,310.72,0
7,0,15,2,4650,50,230,16,3,1,1,30,1108,0
8,1,15,2,1748,29,15,13,3,1,1,30,131.08,1
3,0,32,0,4110,61,0,11,2,1,1,25,187.695,0
0,0,33,0,0,0,0,0,2,1,2,25,0,0
5,0,31,0,2193,50,344,18,2,1,1,25,1648.935,0
5,0,32,0,3938,56,0,29,1,1,1,15,219.67,0
0,0,32,0,2133,48,0,27,1,1,1,15,119.955,0
6,0,32,0,3515,72,17,22,2,1,1,25,237.915,0
0,0,32,0,2100,29,270,12,3,1,1,30,1165.16,0
8,0,31,1,8855,111,129,37,3,1,1,30,874.64,0
2,0,32,0,13513,159,0,38,3,1,1,30,546.88,0
2,0,32,0,4255,73,0,19,3,1,1,30,173.12,0
1,0,32,0,5658,85,0,6,2,1,1,25,258.435,0
4,0,32,0,1978,44,0,11,3,1,2,30,80.88,0
20,0,32,2,14880,215,39,26,3,1,1,30,759.8,0
0,0,32,0,2835,17,468,2,3,1,1,30,1986.08,0
4,0,31,0,15225,172,135,24,2,1,1,25,1300.365,0
0,0,31,0,6240,76,171,20,3,1,1,30,936.64,0
0,0,31,0,615,4,0,5,2,1,2,25,27.855,0
0,0,32,0,450,4,0,2,2,1,2,25,20.43,0
0,0,31,0,0,0,0,0,2,1,2,25,0,1
0,0,31,0,7248,117,369,37,2,1,1,25,1991.925,0
2,0,31,0,11205,144,0,41,3,1,1,30,453.96,0
3,0,31,0,6458,65,93,31,2,1,1,25,712.035,0
18,1,27,0,695,37,1,11,2,1,2,25,37.44,1
16,0,30,7,10175,83,0,36,4,1,1,45,256.45,0
8,1,30,0,5558,88,11,18,2,1,1,25,303.57,1
0,0,28,0,2580,12,0,8,3,1,1,30,103.68,0
4,0,29,0,2730,31,0,10,2,1,2,25,124.245,1
4,1,30,0,2008,34,19,25,3,1,2,30,157.68,1
0,0,30,0,0,0,0,0,3,1,2,30,0,1
0,0,30,0,0,0,0,0,3,1,1,30,0,0
0,0,27,0,6525,87,0,16,4,1,1,45,165.3,0
0,1,30,0,0,0,0,0,4,1,2,45,0,1
0,1,30,0,0,0,0,0,5,1,1,55,0,1
20,0,25,2,15815,228,0,74,2,1,1,25,721.935,0
1,0,28,2,6705,106,256,27,2,2,1,25,1458.495,0
0,0,30,0,3458,72,0,22,2,1,1,25,158.85,0
0,0,29,0,1405,34,23,14,3,1,2,30,149.56,0
1,0,30,0,2520,43,160,17,2,1,1,25,835.335,0
0,0,21,0,1055,26,178,5,2,2,1,25,849.645,0
0,0,20,0,1308,29,15,62,4,1,1,45,70.925,0
6,0,21,0,440,15,0,1,2,1,2,25,20.475,0
0,0,20,0,0,0,6,0,4,1,2,45,15,0
5,0,19,0,965,22,4,7,2,1,1,25,62.415,0
0,0,19,0,2965,51,0,17,3,1,1,30,120.64,0
0,0,12,0,1435,16,13,8,2,1,1,25,123.795,0
11,0,11,0,6133,131,70,36,1,2,1,15,729.52,0
7,0,9,0,8673,161,58,34,4,1,1,45,365.85,0
3,0,10,2,2593,35,16,13,3,1,1,30,169.12,0
0,0,3,0,4130,30,200,4,3,1,1,30,966.4,0
0,1,3,0,1228,9,0,1,2,1,1,25,55.665,1
10,0,41,0,4550,79,16,22,3,1,1,30,249.16,0
2,0,42,0,498,13,18,9,2,1,2,25,103.995,0
12,0,40,0,2633,68,370,29,3,1,1,30,1588.04,0
12,0,41,0,4378,74,12,40,1,1,1,15,310.86,0
5,0,41,0,2573,66,13,38,1,1,1,15,216.645,0
13,0,41,1,3955,90,43,33,3,1,1,30,333.8,0
6,0,41,0,2540,47,296,23,3,1,1,30,1287.48,0
15,0,40,2,9295,129,155,48,3,1,1,30,996.96,0
9,0,41,0,13953,177,11,49,3,1,1,30,609.2,0
9,0,41,1,4695,91,13,30,3,1,1,30,243.44,0
8,0,41,0,6098,103,18,17,3,1,1,30,320.04,0
11,0,41,0,2418,62,19,22,3,1,2,30,175.2,0
27,0,41,3,15320,233,65,37,3,1,1,30,882.12,0
6,0,41,1,3275,35,494,13,3,1,1,30,2108.4,0
11,0,40,0,15665,190,161,35,2,1,1,25,1437.975,0
5,0,40,1,6680,94,197,31,3,1,1,30,1058.96,0
2,0,40,0,1055,22,11,16,2,1,2,25,97.965,0
4,0,41,0,890,22,24,13,3,1,2,30,132.48,0
2,0,40,0,180,8,11,5,2,1,2,25,57.96,1
5,0,40,0,7688,135,395,48,2,1,1,25,2129.535,0
9,0,40,1,11645,162,22,52,4,1,1,45,350.175,0
10,0,40,1,6898,83,119,42,2,1,1,25,849.645,0
25,1,36,0,1135,55,27,22,2,1,2,25,175.05,1
23,0,39,8,10615,101,12,47,5,1,1,55,178.74,0
15,0,39,1,5998,106,37,29,2,1,1,25,441.18,0
3,0,37,0,3020,30,11,19,3,1,1,30,166,0
11,1,38,0,3170,49,20,21,3,1,2,30,208.76,1
11,1,39,0,2448,52,45,36,3,1,2,30,280,1
2,1,39,0,313,10,11,7,3,1,2,30,56.92,1
3,0,39,0,1848,33,11,11,3,1,1,30,119.24,0
5,0,36,1,6965,105,25,27,5,1,1,55,143.55,0
2,0,39,0,808,15,20,9,4,1,2,45,70.575,1
2,0,39,1,518,12,15,7,5,1,1,55,30.45,0
27,1,34,3,16255,246,11,85,2,1,1,25,792.045,0
8,0,37,3,7145,124,282,38,2,2,1,25,1596.105,0
4,0,39,0,3898,90,13,33,2,1,1,25,237.96,0
5,0,38,0,1845,52,49,25,3,1,2,30,271.88,0
8,0,39,0,2960,61,186,28,2,1,1,25,972.945,0
6,1,30,1,1495,44,204,16,2,2,1,25,987.255,1
6,0,29,0,1748,47,41,73,4,1,1,45,147.375,0
13,0,30,0,880,33,21,12,2,1,2,25,135.585,0
2,0,29,0,1005,18,32,8,4,1,2,45,105.575,0
12,0,28,0,1405,40,30,18,2,1,1,25,200.025,0
4,0,28,0,3405,69,19,28,3,1,1,30,214.96,0
4,0,21,0,1875,34,39,19,2,1,1,25,261.405,0
18,0,20,1,6573,149,96,47,2,2,1,25,734.49,0
14,0,18,0,9113,179,84,45,4,1,1,45,442.3,0
10,0,19,3,3033,53,42,24,3,1,1,30,291.44,0
4,0,12,1,4570,48,226,15,3,1,1,30,1088.72,0
5,0,12,1,1668,27,11,12,3,1,1,30,111.8,1
6,0,35,0,4190,63,0,12,3,1,1,30,170.12,0
0,0,36,0,0,0,0,0,2,1,2,25,0,0
8,0,34,0,2273,52,348,19,3,1,1,30,1485,0
8,0,35,0,4018,58,0,30,1,1,1,15,224.18,0
1,0,35,0,2213,50,0,28,1,1,1,15,124.465,0
9,0,35,1,3595,74,21,23,3,1,1,30,230.76,0
2,0,35,0,2180,31,274,13,3,1,1,30,1184.44,0
11,0,34,2,8935,113,133,38,3,1,1,30,893.92,0
5,0,35,0,13593,161,0,39,3,1,1,30,550.16,0
5,0,35,1,4335,75,0,20,3,1,1,30,176.4,0
4,0,35,0,5738,87,0,7,3,1,1,30,233,0
7,0,35,0,2058,46,0,12,3,1,2,30,84.16,0
23,0,35,3,14960,217,43,27,3,1,1,30,779.08,0
2,0,35,1,2915,19,472,3,3,1,1,30,2005.36,0
7,0,34,0,15305,174,139,25,2,1,1,25,1322.055,0
1,0,34,1,6320,78,175,21,3,1,1,30,955.92,0
0,0,34,0,695,6,0,6,2,1,2,25,31.545,0
0,0,35,0,530,6,2,3,3,1,2,30,29.44,0
0,1,34,0,0,0,0,0,2,1,2,25,0,1
1,0,34,0,7328,119,373,38,2,1,1,25,2013.615,0
5,0,34,1,11285,146,0,42,4,1,1,45,285.775,0
6,0,34,1,6538,67,97,32,2,1,1,25,733.725,0
21,1,30,0,775,39,5,12,2,1,2,25,59.13,1
19,0,33,8,10255,85,0,37,5,1,1,55,155.1,0
11,1,33,1,5638,90,15,19,2,1,1,25,325.26,1
0,0,31,0,2660,14,0,9,3,1,1,30,106.96,0
7,0,32,0,2810,33,0,11,3,1,2,30,113.72,1
7,1,33,0,2088,36,23,26,3,1,2,30,176.96,1
0,0,33,0,0,0,0,0,3,1,2,30,0,1
0,0,33,0,1488,17,0,1,3,1,1,30,60.2,0
1,0,30,1,6605,89,3,17,5,1,1,55,104.91,0
0,0,33,0,0,0,0,0,4,1,2,45,0,1
0,0,33,0,0,0,0,0,5,1,1,55,0,0
23,0,28,3,15895,230,0,75,2,1,1,25,725.625,0
4,0,31,3,6785,108,260,28,2,2,1,25,1480.185,0
0,0,33,0,3538,74,0,23,2,1,1,25,162.54,0
1,0,32,0,1485,36,27,15,3,1,2,30,168.84,0
4,0,33,0,2600,45,164,18,2,1,1,25,857.025,0
2,0,24,1,1135,28,182,6,2,2,1,25,871.335,0
2,0,23,0,1388,31,19,63,4,1,1,45,82.975,0
9,0,24,0,520,17,0,2,2,1,2,25,24.165,0
0,0,23,0,0,0,10,0,4,1,2,45,25,0
8,0,22,0,1045,24,8,8,2,1,1,25,84.105,0
0,0,22,0,3045,53,0,18,3,1,1,30,123.92,0
0,0,15,0,1515,18,17,9,2,1,1,25,145.485,0
14,0,14,1,6213,133,74,37,2,2,1,25,618.57,0
10,0,12,0,8753,163,62,35,4,1,1,45,377.9,0
6,0,13,3,2673,37,20,14,3,1,1,30,188.4,0
0,0,6,1,4210,32,204,5,3,1,1,30,985.68,0
1,0,6,1,1308,11,0,2,3,1,1,30,52.76,1
12,0,38,2,4970,81,26,32,3,1,1,30,306.04,0
4,0,39,0,918,15,28,19,3,1,2,30,149.32,0
14,0,37,2,3053,70,380,39,3,1,1,30,1644.92,0
14,0,38,2,4798,76,22,50,1,1,1,15,389.07,0
7,0,38,2,2993,68,23,48,2,1,1,25,241.245,0
15,0,38,3,4375,92,53,43,3,1,1,30,390.68,0
8,0,38,2,2960,49,306,33,3,1,1,30,1344.36,0
17,0,37,4,9715,131,165,58,3,2,1,30,1053.84,0
11,0,38,2,14373,179,21,59,3,1,1,30,666.08,0
11,0,38,3,5115,93,23,40,3,1,1,30,300.32,0
10,0,38,2,6518,105,28,27,3,1,1,30,376.92,0
13,0,38,0,2838,64,29,32,3,1,2,30,232.08,0
29,0,38,5,15740,235,75,47,3,1,1,30,939,0
8,0,38,3,3695,37,504,23,3,1,1,30,2165.28,0
13,0,37,2,16085,192,171,45,2,1,1,25,1501.965,0
7,0,37,3,7100,96,207,41,3,1,1,30,1115.84,0
4,0,37,0,1475,24,21,26,2,1,2,25,161.955,0
6,0,38,0,1310,24,34,23,3,1,2,30,189.36,0
4,0,37,0,600,10,21,15,2,1,2,25,121.95,1
7,0,37,2,8108,137,405,58,3,1,1,30,1949.8,0
11,0,37,3,12065,164,32,62,4,1,1,45,385.725,0
12,0,37,3,7318,85,129,52,2,1,1,25,913.635,0
27,1,33,0,1555,57,37,32,3,1,2,30,212.48,1
25,0,36,10,11035,103,22,57,5,2,1,55,200.07,0
17,0,36,3,6418,108,47,39,2,1,1,25,505.17,0
5,0,34,2,3440,32,21,29,3,1,1,30,222.88,0
13,1,35,0,3590,51,30,31,3,1,2,30,265.64,1
13,1,36,0,2868,54,55,46,3,1,2,30,336.88,1
4,0,36,0,733,12,21,17,3,1,2,30,113.8,1
5,0,36,2,2268,35,21,21,4,1,1,45,110.075,0
7,0,33,3,7385,107,35,37,5,1,1,55,164.88,0
4,0,36,0,1228,17,30,19,4,1,2,45,106.125,1
4,0,36,3,938,14,25,17,5,1,1,55,51.78,0
29,0,31,5,16675,248,21,95,2,1,1,25,856.035,0
10,0,34,5,7565,126,292,48,2,2,1,25,1660.095,0
6,0,36,2,4318,92,23,43,3,1,1,30,268.4,0
7,1,35,0,2265,54,59,35,3,1,2,30,328.76,1
10,0,36,2,3380,63,196,38,2,1,1,25,1036.935,0
8,0,27,3,1915,46,214,26,2,2,1,25,1051.245,0
8,0,26,2,2168,49,51,83,4,1,1,45,182.925,0
15,0,27,0,1300,35,31,22,3,1,2,30,177.4,0
4,0,26,0,1425,20,42,18,4,1,2,45,141.125,0
14,0,25,2,1825,42,40,28,2,1,1,25,264.015,0
6,0,25,2,3825,71,29,38,3,1,1,30,271.84,0
6,0,18,2,2295,36,49,29,2,1,1,25,325.395,0
20,0,17,3,6993,151,106,57,2,2,1,25,798.48,0
16,0,15,2,9533,181,94,55,5,1,1,55,286.71,0
12,0,16,5,3453,55,52,34,3,1,1,30,348.32,0
6,0,9,3,4990,50,236,25,3,1,1,30,1145.6,0
7,1,9,3,2088,29,21,22,3,1,1,30,168.68,1
4,0,38,0,3770,61,0,2,2,1,1,25,172.395,0
0,0,39,0,0,0,0,0,2,1,2,25,0,0
6,0,37,0,1853,50,338,9,2,1,1,25,1606.635,0
6,0,38,0,3598,56,0,20,1,1,1,15,200.97,0
0,0,38,0,1793,48,0,18,1,1,1,15,101.255,0
7,0,38,0,3175,72,11,13,3,1,1,30,173.88,0
0,0,38,0,1760,29,264,3,3,1,1,30,1127.56,0
9,0,37,0,8515,111,123,28,3,1,1,30,837.04,0
3,0,38,0,13173,159,0,29,3,1,1,30,533.28,0
3,0,38,0,3915,73,0,10,3,1,1,30,159.52,0
2,0,38,0,5318,85,0,15,2,1,1,25,243.135,0
5,0,38,0,1638,44,0,2,3,1,2,30,67.28,0
21,0,38,1,14540,215,33,17,3,1,1,30,722.2,0
0,0,38,0,2495,17,462,7,3,1,1,30,1948.48,0
5,0,37,0,14885,172,129,15,2,1,1,25,1258.065,0
0,0,37,0,5900,76,165,11,3,1,1,30,899.04,0
0,0,37,0,275,4,0,1,2,1,2,25,12.555,0
0,0,38,0,110,4,0,1,2,1,2,25,5.13,0
0,0,37,0,0,0,0,0,2,1,2,25,0,1
0,0,37,0,6908,117,363,28,2,1,1,25,1949.625,0
3,0,37,0,10865,144,0,32,3,1,1,30,440.36,0
4,0,37,0,6118,65,87,22,2,1,1,25,669.735,0
19,0,33,0,355,37,0,2,2,1,2,25,17.64,1
17,0,36,6,9835,83,0,27,4,1,1,45,247.95,0
9,1,36,0,5218,88,5,9,2,1,1,25,261.27,1
0,0,34,0,2240,12,0,4,3,1,1,30,90.08,0
5,0,35,0,2390,31,0,1,3,1,2,30,96.84,1
5,0,36,0,1668,34,13,16,3,1,2,30,120.08,1
0,0,36,0,0,0,0,0,3,1,2,30,0,1
0,0,36,0,1068,15,0,3,3,1,1,30,43.32,0
0,0,33,0,6185,87,0,7,4,1,1,45,156.8,0
0,0,36,0,0,0,0,0,4,1,2,45,0,1
0,0,36,0,0,0,0,0,5,1,1,55,0,0
21,0,31,1,15475,228,0,65,2,1,1,25,706.635,0
2,0,34,1,6365,106,250,18,2,2,1,25,1416.195,0
0,0,36,0,3118,72,0,13,2,1,1,25,143.55,0
0,0,35,0,1065,34,17,5,3,1,2,30,111.96,0
2,0,36,0,2180,43,154,8,2,1,1,25,793.035,0
0,0,27,0,715,26,172,1,2,2,1,25,807.345,0
0,0,26,0,968,29,9,53,4,1,1,45,47.425,0
7,0,27,0,100,15,0,3,2,1,2,25,5.175,0
0,0,26,0,0,0,0,0,4,1,2,45,0,0
6,0,25,0,625,22,0,2,2,1,1,25,29.115,0
0,0,25,0,2625,51,0,8,3,1,1,30,107.04,0
0,0,18,0,1095,16,7,6,2,1,1,25,81.495,0
12,0,17,0,5793,131,64,27,1,2,1,15,677.82,0
8,0,15,0,8333,161,52,25,4,1,1,45,342.35,0
4,0,16,1,2253,35,10,4,3,1,1,30,131.52,0
0,0,9,0,3790,30,194,23,3,1,1,30,928.8,0
0,1,9,0,888,9,0,3,3,1,1,30,35.88,1
8,0,39,1,4485,77,37,21,3,1,1,30,330.48,0
0,0,40,0,433,11,39,8,3,1,2,30,173.76,0
10,0,38,1,2568,66,391,28,3,1,1,30,1669.36,0
10,0,39,1,4313,72,33,39,1,1,1,15,422.675,0
3,0,39,1,2508,64,34,37,2,1,1,25,268.74,0
11,0,39,2,3890,88,64,32,3,1,1,30,415.12,0
4,0,39,1,2475,45,317,22,4,1,1,45,855.5,0
13,0,38,3,9230,127,176,47,3,1,1,30,1078.28,0
7,0,39,1,13888,175,32,48,3,1,1,30,690.52,0
7,0,39,2,4630,89,34,29,3,1,1,30,324.76,0
6,0,39,1,6033,101,39,16,3,1,1,30,401.36,0
9,1,39,0,2353,60,40,21,3,1,2,30,256.52,0
25,0,39,4,15255,231,86,36,3,1,1,30,963.44,0
4,0,39,2,3210,33,515,12,4,1,1,45,1368.575,0
9,0,38,1,15600,188,182,34,2,1,1,25,1529.46,0
3,0,38,2,6615,92,218,30,3,1,1,30,1140.28,0
0,0,38,0,990,20,32,15,2,1,2,25,189.45,0
2,0,39,0,825,20,45,12,3,1,2,30,213.8,0
0,0,38,0,115,6,32,4,2,1,2,25,149.445,1
3,0,38,1,7623,133,416,47,3,1,1,30,1974.24,0
7,0,38,2,11580,160,43,51,4,1,1,45,401,0
8,0,38,2,6833,81,140,41,2,1,1,25,941.13,0
23,1,34,0,1070,53,48,21,3,1,2,30,236.92,1
21,0,37,9,10550,99,33,46,5,1,1,55,209.235,0
13,0,37,2,5933,104,58,28,3,1,1,30,473.48,0
1,0,35,1,2955,28,32,18,3,1,1,30,247.32,0
9,1,36,0,3105,47,41,20,3,1,2,30,290.08,1
9,0,37,0,2383,50,66,35,4,1,2,45,225.825,1
0,0,37,0,248,8,32,6,3,1,2,30,138.24,1
1,0,37,1,1783,31,32,10,4,1,1,45,125.35,0
3,0,34,2,6900,103,46,26,5,1,1,55,174.045,0
0,0,37,0,743,13,41,8,4,1,2,45,121.4,1
0,0,37,2,453,10,36,6,5,1,1,55,60.945,0
25,0,32,4,16190,244,32,84,2,2,1,25,883.53,0
6,0,35,4,7080,122,303,37,3,2,1,30,1500.08,0
2,0,37,1,3833,88,34,32,3,1,1,30,292.84,0
3,0,36,0,1780,50,70,24,4,1,2,45,220.75,0
6,0,37,1,2895,59,207,27,2,1,1,25,1064.43,0
4,0,28,2,1430,42,225,15,3,2,1,30,958.88,0
4,0,27,1,1683,45,62,72,5,1,1,55,118.92,0
11,0,28,0,815,31,42,11,3,1,2,30,201.84,0
0,0,27,0,940,16,53,7,4,1,2,45,156.4,0
10,0,26,1,1340,38,51,17,2,1,1,25,291.51,0
2,0,26,1,3340,67,40,27,3,1,1,30,296.28,0
2,0,19,1,1810,32,60,18,3,1,1,30,313.68,0
16,0,18,2,6508,147,117,46,2,2,1,25,825.975,0
12,0,16,1,9048,177,105,44,5,1,1,55,295.875,0
8,0,17,4,2968,51,63,23,3,2,1,30,372.76,0
2,0,10,2,4505,46,247,14,3,1,1,30,1170.04,0
3,0,10,2,1603,25,32,11,3,1,1,30,193.12,1
8,0,37,0,4255,65,0,13,2,1,1,25,194.4,0
0,0,38,0,0,0,0,0,2,1,2,25,0,0
10,0,36,0,2338,54,327,20,2,1,1,25,1579.14,0
10,0,37,0,4083,60,0,31,1,1,1,15,227.865,0
3,0,37,0,2278,52,0,29,1,1,1,15,128.15,0
11,0,37,0,3660,76,0,24,2,1,1,25,168.12,0
4,0,37,0,2245,33,253,14,3,1,1,30,1103.12,0
13,0,36,1,9000,115,112,39,3,1,1,30,812.6,0
7,0,37,0,13658,163,0,40,3,1,1,30,552.84,0
7,0,37,0,4400,77,0,21,3,1,1,30,179.08,0
6,0,37,0,5803,89,0,8,2,1,1,25,265.14,0
9,0,37,0,2123,48,0,13,3,1,2,30,86.84,0
25,0,37,2,15025,219,22,28,3,1,1,30,697.76,0
4,0,37,0,2980,21,451,4,3,1,1,30,1924.04,0
9,0,36,0,15370,176,118,26,2,1,1,25,1230.57,0
3,0,36,0,6385,80,154,22,3,1,1,30,874.6,0
0,0,36,0,760,8,0,7,2,1,2,25,34.56,0
2,0,37,0,595,8,0,4,2,1,2,25,27.135,0
0,1,36,0,0,0,0,0,2,1,2,25,0,1
3,0,36,0,7393,121,352,39,2,1,1,25,1922.13,0
7,0,36,0,11350,148,0,43,3,1,1,30,459.92,0
8,0,36,0,6603,69,76,33,2,1,1,25,642.24,0
23,0,32,0,840,41,0,13,2,1,2,25,39.645,1
21,0,35,7,10320,87,0,38,4,2,1,45,260.175,0
13,1,35,0,5703,92,0,20,2,1,1,25,260.775,1
1,0,33,0,2725,16,0,10,3,1,1,30,109.64,0
9,1,34,0,2875,35,0,12,2,1,2,25,130.95,1
9,0,35,0,2153,38,2,27,3,1,2,30,95.64,1
0,0,35,0,0,0,0,0,2,1,2,25,0,1
1,0,35,0,1553,19,0,2,3,1,1,30,62.88,0
3,0,32,0,6670,91,0,18,4,1,1,45,169.025,0
0,0,35,0,513,1,0,3,4,1,2,45,12.85,1
0,0,35,0,0,0,0,0,4,1,1,45,0,0
25,0,30,2,15960,232,0,76,2,1,1,25,728.64,0
6,0,33,2,6850,110,239,29,2,2,1,25,1388.7,0
2,0,35,0,3603,76,0,24,2,1,1,25,165.555,0
3,0,34,0,1550,38,6,16,3,1,2,30,87.52,0
6,0,35,0,2665,47,143,19,2,1,1,25,765.54,0
4,0,26,0,1200,30,161,7,2,2,1,25,779.85,0
4,0,25,0,1453,33,0,64,4,1,1,45,37.15,0
11,0,26,0,585,19,0,3,2,1,2,25,27.18,0
0,0,25,0,710,4,0,1,4,1,2,45,17.85,0
10,0,24,0,1110,26,0,9,2,1,1,25,51.12,0
2,0,24,0,3110,55,0,19,3,1,1,30,126.6,0
2,0,17,0,1580,20,0,10,2,1,1,25,72,0
16,0,16,0,6278,135,53,38,1,2,1,15,644.215,0
12,0,14,0,8818,165,41,36,4,1,1,45,327.075,0
8,0,15,2,2738,39,0,15,3,1,1,30,111.08,0
2,0,8,0,4275,34,183,6,3,1,1,30,904.36,0
3,1,8,0,1373,13,0,3,2,1,1,25,62.37,1
10,0,38,0,4560,72,14,20,3,1,1,30,241.28,0
2,0,39,0,508,6,16,7,2,1,2,25,95.13,0
12,0,37,0,2643,61,368,27,3,1,1,30,1580.16,0
12,0,38,0,4388,67,10,38,1,1,1,15,300.025,0
5,0,38,0,2583,59,11,36,1,1,1,15,205.81,0
13,0,38,1,3965,83,41,31,3,1,1,30,325.92,0
6,0,38,0,2550,40,294,21,3,1,1,30,1279.6,0
15,0,37,2,9305,122,153,46,3,1,1,30,989.08,0
9,0,38,0,13963,170,9,47,3,1,1,30,601.32,0
9,0,38,1,4705,84,11,28,3,1,1,30,235.56,0
8,0,38,0,6108,96,16,15,3,1,1,30,312.16,0
11,1,38,0,2428,55,17,20,3,1,2,30,167.32,0
27,0,38,3,15330,226,63,35,3,1,1,30,874.24,0
6,0,38,1,3285,28,492,11,3,1,1,30,2100.52,0
11,0,37,0,15675,183,159,33,2,1,1,25,1429.11,0
5,0,37,1,6690,87,195,29,3,1,1,30,1051.08,0
2,0,37,0,1065,15,9,14,2,1,2,25,89.1,0
4,0,38,0,900,15,22,11,3,1,2,30,124.6,0
2,0,37,0,190,1,9,3,2,1,2,25,49.095,1
5,0,37,0,7698,128,393,46,2,1,1,25,2120.67,0
9,0,37,1,11655,155,20,50,4,1,1,45,345.25,0
10,0,37,1,6908,76,117,40,2,1,1,25,840.78,0
25,1,33,0,1145,48,25,20,2,1,2,25,166.185,1
23,0,36,8,10625,94,10,45,5,1,1,55,175.785,0
15,0,36,1,6008,99,35,27,2,1,1,25,432.315,1
3,0,34,0,3030,23,9,17,3,1,1,30,158.12,0
11,1,35,0,3180,42,18,19,3,1,2,30,200.88,1
11,1,36,0,2458,45,43,34,3,1,2,30,272.12,1
2,0,36,0,323,3,9,5,3,1,2,30,49.04,1
3,0,36,0,1858,26,9,9,3,1,1,30,111.36,0
5,0,33,1,6975,98,23,25,5,1,1,55,140.595,0
2,0,36,0,818,8,18,7,4,1,2,45,65.65,1
2,0,36,1,528,5,13,5,5,1,1,55,27.495,0
27,0,31,3,16265,239,9,83,2,1,1,25,783.18,0
8,0,34,3,7155,117,280,36,2,2,1,25,1587.24,0
4,0,36,0,3908,83,11,31,2,1,1,25,229.095,0
5,0,35,0,1855,45,47,23,3,1,2,30,264,0
8,0,36,0,2970,54,184,26,2,1,1,25,964.08,0
6,1,27,1,1505,37,202,14,2,2,1,25,978.39,1
6,0,26,0,1758,40,39,71,4,1,1,45,142.45,0
13,0,27,0,890,26,19,10,2,1,2,25,126.72,0
2,0,26,0,1015,11,30,6,4,1,2,45,100.65,0
12,0,25,0,1415,33,28,16,2,1,1,25,191.16,0
4,0,25,0,3415,62,17,26,3,1,1,30,207.08,0
4,0,18,0,1885,27,37,17,2,1,1,25,252.54,0
18,0,17,1,6582,142,94,45,2,2,1,25,725.58,0
14,0,15,0,9122,172,82,43,4,1,1,45,437.35,0
10,0,16,3,3042,46,40,22,3,1,1,30,283.52,0
4,0,9,1,4580,41,224,13,3,1,1,30,1080.84,0
5,0,9,1,1677,20,9,10,3,1,1,30,103.88,1
6,0,38,0,4180,70,0,14,3,1,1,30,170,0
0,0,39,0,128,4,0,1,2,1,2,25,5.94,0
8,0,37,0,2263,59,350,21,3,1,1,30,1492.88,0
8,0,38,0,4008,65,0,32,1,1,1,15,224.015,0
1,0,38,0,2203,57,0,30,1,1,1,15,124.3,0
9,0,38,1,3585,81,23,25,3,1,1,30,238.64,0
2,0,38,0,2170,38,276,15,3,1,1,30,1192.32,0
11,0,37,2,8925,120,135,40,3,1,1,30,901.8,0
5,0,38,0,13583,168,0,41,3,1,1,30,550.04,0
5,0,38,1,4325,82,0,22,3,1,1,30,176.28,0
4,0,38,0,5728,94,0,9,3,1,1,30,232.88,0
7,0,38,0,2048,53,0,14,3,1,2,30,84.04,0
23,0,38,3,14950,224,45,29,3,1,1,30,786.96,0
2,0,38,1,2905,26,474,5,3,1,1,30,2013.24,0
7,0,37,0,15295,181,141,27,2,1,1,25,1330.92,0
1,0,37,1,6310,85,177,23,3,1,1,30,963.8,0
0,0,37,0,685,13,0,8,2,1,2,25,31.41,0
0,0,38,0,520,13,4,5,3,1,2,30,37.32,0
0,0,37,0,0,0,0,0,2,1,2,25,0,1
1,0,37,0,7318,126,375,40,2,1,1,25,2022.48,0
5,0,37,1,11275,153,2,44,4,1,1,45,290.7,0
6,0,37,1,6528,74,99,34,2,1,1,25,742.59,0
21,0,33,0,765,46,7,14,2,1,2,25,67.995,1
19,0,36,8,10245,92,0,39,5,2,1,55,155.055,0
11,0,36,1,5628,97,17,21,2,1,1,25,334.125,1
0,0,34,0,2650,21,0,11,3,1,1,30,106.84,0
7,1,35,0,2800,40,0,13,3,1,2,30,113.6,1
7,0,36,0,2078,43,25,28,3,1,2,30,184.84,1
0,0,36,0,0,0,0,0,3,1,2,30,0,1
0,0,36,0,1478,24,0,3,3,1,1,30,60.08,0
1,0,33,1,6595,96,5,19,5,1,1,55,107.865,0
0,0,36,0,438,6,0,1,4,1,2,45,11.1,1
0,0,36,1,0,0,0,0,5,1,1,55,0,0
23,0,31,3,15885,237,0,77,2,1,1,25,725.49,0
4,0,34,3,6775,115,262,30,2,2,1,25,1489.05,0
0,0,36,0,3528,81,0,25,2,1,1,25,162.405,0
1,0,35,0,1475,43,29,17,3,1,2,30,176.72,0
4,0,36,0,2590,52,166,20,2,1,1,25,865.89,0
2,0,27,1,1125,35,184,8,2,2,1,25,880.2,0
2,0,26,0,1378,38,21,65,4,1,1,45,87.9,0
9,0,27,0,510,24,1,4,2,1,2,25,28.53,0
0,0,26,0,635,9,12,1,4,1,2,45,46.1,0
8,0,25,0,1035,31,10,10,2,1,1,25,92.97,0
0,0,25,0,3035,60,0,20,3,1,1,30,123.8,0
0,0,18,0,1505,25,19,11,2,1,1,25,154.35,0
14,0,17,1,6202,140,76,39,2,2,1,25,627.39,0
10,0,15,0,8742,170,64,37,4,1,1,45,382.8,0
6,0,16,3,2662,44,22,16,3,1,1,30,196.24,0
0,0,9,1,4200,39,206,7,3,1,1,30,993.56,0
1,0,9,1,1297,18,0,4,3,1,1,30,52.6,1
6,0,33,0,4370,65,0,16,2,1,1,25,199.575,0
0,0,34,0,318,4,0,3,2,1,2,25,14.49,0
8,0,32,0,2453,54,351,23,2,1,1,25,1692.315,0
8,0,33,0,4198,60,0,34,1,1,1,15,234.19,0
1,0,33,0,2393,52,0,32,1,1,1,15,134.475,0
9,0,33,0,3775,76,24,27,2,1,1,25,281.295,0
2,0,33,0,2360,33,277,17,3,1,1,30,1203.72,0
11,0,32,1,9115,115,136,42,3,1,1,30,913.2,0
5,0,33,0,13773,163,0,43,3,1,1,30,557.44,0
5,0,33,0,4515,77,0,24,3,1,1,30,183.68,0
4,0,33,0,5918,89,0,11,2,1,1,25,270.315,0
7,1,33,0,2238,48,0,16,3,1,2,30,91.44,0
23,0,33,2,15140,219,46,31,3,1,1,30,798.36,0
2,0,33,0,3095,21,475,7,3,1,1,30,2024.64,0
7,0,32,0,15485,176,142,29,2,1,1,25,1343.745,0
1,0,32,0,6500,80,178,25,3,1,1,30,975.2,0
0,0,32,0,875,8,0,10,2,1,2,25,39.735,0
0,0,33,0,710,8,5,7,2,1,2,25,54.81,0
0,0,32,0,0,0,0,0,2,1,2,25,0,1
1,0,32,0,7508,121,376,42,2,1,1,25,2035.305,0
5,0,32,0,11465,148,3,46,3,1,1,30,476.52,0
6,0,32,0,6718,69,100,36,2,1,1,25,755.415,0
21,1,28,0,955,41,8,16,2,1,2,25,80.82,1
19,0,31,7,10435,87,0,41,4,1,1,45,263.05,0
11,0,31,0,5818,92,18,23,2,1,1,25,346.95,1
0,0,29,0,2840,16,0,13,3,1,1,30,114.24,0
7,1,30,0,2990,35,1,15,2,1,2,25,140.625,1
7,1,31,0,2268,38,26,30,3,1,2,30,196.24,1
0,1,31,0,0,0,0,0,2,1,2,25,0,1
0,0,31,0,1668,19,0,5,3,1,1,30,67.48,0
1,0,28,0,6785,91,6,21,4,1,1,45,186.9,0
0,0,31,0,628,1,1,3,4,1,2,45,18.225,1
0,0,31,0,338,5,0,1,4,1,1,45,8.575,0
23,0,26,2,16075,232,0,79,2,1,1,25,733.815,0
4,0,29,2,6965,110,263,32,2,2,1,25,1501.875,0
0,0,31,0,3718,76,0,27,2,1,1,25,170.73,0
1,0,30,0,1665,38,30,19,3,1,2,30,188.12,0
4,0,31,0,2780,47,167,22,2,1,1,25,878.715,0
2,0,22,0,1315,30,185,10,2,2,1,25,893.025,0
2,0,21,0,1568,33,22,67,4,1,1,45,95.025,0
9,0,22,0,700,19,2,6,2,1,2,25,41.355,0
0,0,21,0,825,4,13,2,4,1,2,45,53.225,0
8,0,20,0,1225,26,11,12,2,1,1,25,105.795,0
0,0,20,0,3225,55,0,22,3,1,1,30,131.2,0
0,0,13,0,1695,20,20,13,2,1,1,25,167.175,0
14,0,12,0,6392,135,77,41,1,2,1,15,782.485,0
10,0,10,0,8932,165,65,39,4,1,1,45,389.925,0
6,0,11,2,2852,39,23,18,3,1,1,30,207.64,0
0,0,4,0,4390,34,207,9,3,1,1,30,1004.96,0
1,0,4,0,1487,13,0,6,2,1,1,25,67.5,1
10,0,43,1,4370,77,13,18,3,1,1,30,229.88,0
2,0,44,0,318,11,15,5,3,1,2,30,73.16,0
12,0,42,1,2453,66,367,25,3,1,1,30,1568.76,0
12,0,43,1,4198,72,9,36,1,1,1,15,284.35,0
5,0,43,1,2393,64,10,34,2,1,1,25,155.565,0
13,0,43,2,3775,88,40,29,3,1,1,30,314.52,0
6,0,43,1,2360,45,293,19,4,1,1,45,792.625,0
15,0,42,3,9115,127,152,44,3,1,1,30,977.68,0
9,0,43,1,13773,175,8,45,3,1,1,30,589.92,0
9,0,43,2,4515,89,10,26,3,1,1,30,224.16,0
8,0,43,1,5918,101,15,13,3,1,1,30,300.76,0
11,1,43,0,2238,60,16,18,3,1,2,30,155.92,0
27,0,43,4,15140,231,62,33,3,1,1,30,862.84,0
6,0,43,2,3095,33,491,9,4,1,1,45,1305.7,0
11,0,42,1,15485,188,158,31,2,1,1,25,1416.285,0
5,0,42,2,6500,92,194,27,3,1,1,30,1039.68,0
2,0,42,0,875,20,8,12,2,1,2,25,76.275,0
4,0,43,0,710,20,21,9,3,1,2,30,113.2,0
0,0,42,0,0,0,8,0,2,1,2,25,36,1
5,0,42,1,7508,133,392,44,3,1,1,30,1873.64,0
9,0,42,2,11465,160,19,48,4,1,1,45,338.125,0
10,0,42,2,6718,81,116,38,2,1,1,25,827.955,0
25,1,38,0,955,53,24,18,3,1,2,30,136.32,1
23,0,41,9,10435,99,9,43,5,2,1,55,171.51,0
15,0,41,2,5818,104,34,25,3,1,1,30,372.88,0
3,0,39,1,2840,28,8,15,3,1,1,30,146.72,0
11,0,40,0,2990,47,17,17,3,1,2,30,189.48,1
11,1,41,0,2268,50,42,32,4,1,2,45,162.95,1
2,0,41,0,133,8,8,3,3,1,2,30,37.64,1
3,0,41,1,1668,31,8,7,4,1,1,45,62.475,0
5,0,38,2,6785,103,22,23,5,1,1,55,136.32,0
2,0,41,0,628,13,17,5,4,1,2,45,58.525,1
2,0,41,2,338,10,12,3,5,1,1,55,23.22,0
27,0,36,4,16075,244,8,81,2,1,1,25,770.355,0
8,0,39,4,6965,122,279,34,3,2,1,30,1399.48,0
4,0,41,1,3718,88,10,29,3,1,1,30,192.24,0
5,0,40,0,1665,50,46,21,4,1,2,45,157.875,0
8,0,41,1,2780,59,183,24,2,1,1,25,951.255,0
6,1,32,2,1315,42,201,12,3,2,1,30,858.28,1
6,0,31,1,1568,45,38,69,5,1,1,55,81.195,0
13,0,32,0,700,31,18,8,3,1,2,30,101.24,0
2,0,31,0,825,16,29,4,4,1,2,45,93.525,0
12,0,30,1,1225,38,27,14,2,1,1,25,178.335,0
4,0,30,1,3225,67,16,24,3,1,1,30,195.68,0
4,0,23,1,1695,32,36,15,3,1,1,30,213.08,0
18,0,22,2,6392,147,93,43,2,2,1,25,712.755,0
14,0,20,1,8932,177,81,41,5,1,1,55,258.135,0
10,0,21,4,2852,51,39,20,3,1,1,30,272.12,0
4,0,14,2,4390,46,223,11,3,1,1,30,1069.44,0
5,1,14,2,1487,25,8,8,3,1,1,30,92.48,1
14,0,39,1,5080,82,30,17,3,1,1,30,326.48,0
6,0,40,0,1028,16,15,4,3,1,2,30,101.76,0
16,0,38,1,3163,71,367,24,3,1,1,30,1597.36,0
16,0,39,1,4908,77,9,35,1,1,1,15,323.675,0
9,0,39,1,3103,69,10,33,2,1,1,25,187.74,0
17,0,39,2,4485,93,40,28,3,1,1,30,343.12,0
10,0,39,1,3070,50,293,18,3,1,1,30,1296.8,0
19,0,38,3,9825,132,152,43,3,1,1,30,1006.28,0
13,0,39,1,14483,180,8,44,3,1,1,30,618.52,0
13,0,39,2,5225,94,10,25,3,1,1,30,252.76,0
12,0,39,1,6628,106,15,12,3,1,1,30,329.36,0
15,0,39,0,2948,65,16,17,3,1,2,30,184.52,0
31,1,39,4,15850,236,62,32,3,1,1,30,891.44,0
10,0,39,2,3805,38,491,8,3,1,1,30,2117.72,0
15,0,38,1,16195,193,158,30,2,1,1,25,1448.46,0
9,0,38,2,7210,97,194,26,3,1,1,30,1068.28,0
6,0,38,0,1585,25,8,11,2,1,2,25,108.45,0
8,0,39,0,1420,25,21,8,3,1,2,30,141.8,0
6,0,38,0,710,11,8,2,2,1,2,25,68.445,1
9,0,38,1,8218,138,392,43,3,1,1,30,1902.24,0
13,0,38,2,12175,165,19,47,4,1,1,45,356,0
14,0,38,2,7428,86,116,37,2,1,1,25,860.13,0
29,1,34,0,1665,58,24,17,3,1,2,30,164.92,1
27,0,37,9,11145,104,9,42,5,2,1,55,182.235,0
19,0,37,2,6528,109,34,24,2,1,1,25,451.665,0
7,0,35,1,3550,33,8,14,3,1,1,30,175.32,0
15,1,36,0,3700,52,17,16,3,1,2,30,218.08,1
15,1,37,0,2978,55,42,31,3,1,2,30,289.32,1
6,0,37,0,843,13,8,2,3,1,2,30,66.24,1
7,0,37,1,2378,36,8,6,4,1,1,45,80.35,0
9,0,34,2,7495,108,22,22,5,1,1,55,147.045,0
6,1,37,0,1338,18,17,4,4,1,2,45,76.4,1
6,0,37,2,1048,15,12,2,5,1,1,55,33.945,0
31,1,32,4,16785,249,8,80,2,1,1,25,802.53,0
12,1,35,4,7675,127,279,33,3,2,1,30,1428.08,0
8,0,37,1,4428,93,10,28,3,1,1,30,220.84,0
9,0,36,0,2375,55,46,20,3,1,2,30,281.2,0
12,0,37,1,3490,64,183,23,2,1,1,25,983.43,0
10,0,28,2,2025,47,201,11,3,2,1,30,886.88,0
10,0,27,1,2278,50,38,68,4,1,1,45,153.2,0
17,0,28,0,1410,36,18,7,3,1,2,30,129.84,0
6,0,27,0,1535,21,29,3,4,1,2,45,111.4,0
16,0,26,1,1935,43,27,13,2,1,1,25,210.51,0
8,0,26,1,3935,72,16,23,3,1,1,30,224.28,0
8,0,19,1,2405,37,36,14,2,1,1,25,271.89,0
22,0,18,2,7102,152,93,42,2,2,1,25,744.93,0
18,0,16,1,9642,182,81,40,5,1,1,55,268.86,0
14,0,17,4,3562,56,39,19,3,2,1,30,300.72,0
8,0,10,2,5100,51,223,10,3,1,1,30,1098.04,0
9,0,10,2,2197,30,8,7,3,1,1,30,121.08,1
2,0,37,0,3660,60,0,17,2,1,1,25,167.4,0
0,0,38,0,0,0,0,0,2,1,2,25,0,0
4,0,36,0,1743,49,334,24,2,1,1,25,1583.64,0
4,0,37,0,3488,55,0,35,1,1,1,15,194.865,0
0,0,37,0,1683,47,0,33,1,1,1,15,95.15,0
5,0,37,0,3065,71,7,28,3,1,1,30,153.44,0
0,0,37,0,1650,28,260,18,3,1,1,30,1107.12,0
7,0,36,1,8405,110,119,43,3,1,1,30,816.6,0
1,0,37,0,13063,158,0,44,3,1,1,30,528.84,0
1,0,37,0,3805,72,0,25,3,1,1,30,155.08,0
0,0,37,0,5208,84,0,12,2,1,1,25,238.14,0
3,0,37,0,1528,43,0,17,3,1,2,30,62.84,0
19,0,37,2,14430,214,29,32,3,1,1,30,701.76,0
0,0,37,0,2385,16,458,8,3,1,1,30,1928.04,0
3,0,36,0,14775,171,125,30,2,1,1,25,1235.07,0
0,0,36,0,5790,75,161,26,3,1,1,30,878.6,0
0,0,36,0,165,3,0,11,2,1,2,25,7.56,0
0,0,37,0,0,0,0,0,2,1,2,25,0,0
0,0,36,0,0,0,0,0,2,1,2,25,0,1
0,0,36,0,6798,116,359,43,2,1,1,25,1926.63,0
1,0,36,0,10755,143,0,47,3,1,1,30,435.92,0
2,0,36,0,6008,64,83,37,2,1,1,25,646.74,0
17,0,32,0,245,36,0,17,2,1,2,25,12.645,1
15,0,35,7,9725,82,0,42,4,1,1,45,245.175,0
7,0,35,0,5108,87,1,24,2,1,1,25,238.275,1
0,0,33,0,2130,11,0,14,3,1,1,30,85.64,0
3,1,34,0,2280,30,0,16,2,1,2,25,103.95,1
3,0,35,0,1558,33,9,31,3,1,2,30,99.64,1
0,0,35,0,0,0,0,0,3,1,2,30,0,1
0,0,35,0,958,14,0,6,3,1,1,30,38.88,0
0,0,32,0,6075,86,0,22,4,1,1,45,154.025,0
0,0,35,0,0,0,0,0,4,1,2,45,0,1
0,0,35,0,0,0,0,0,5,1,1,55,0,0
19,0,30,2,15365,227,0,80,2,1,1,25,701.64,0
0,0,33,2,6255,105,246,33,2,2,1,25,1393.2,0
0,0,35,0,3008,71,0,28,2,1,1,25,138.555,0
0,0,34,0,955,33,13,20,3,1,2,30,91.52,0
0,0,35,0,2070,42,150,23,2,1,1,25,770.04,0
0,0,26,0,605,25,168,11,2,2,1,25,784.35,0
0,0,25,0,858,28,5,68,4,1,1,45,34.65,0
0,0,26,0,0,0,0,0,2,1,2,25,0,0
0,0,25,0,0,0,0,0,4,1,2,45,0,0
4,0,24,0,515,21,0,13,2,1,1,25,24.12,0
0,0,24,0,2515,50,0,23,3,1,1,30,102.6,0
0,0,17,0,985,15,3,14,2,1,1,25,58.5,0
10,0,16,0,5682,130,60,42,1,2,1,15,649.66,0
6,0,14,0,8222,160,48,40,4,1,1,45,329.55,0
2,0,15,2,2142,34,6,19,3,1,1,30,111.04,0
0,0,8,0,3680,29,190,10,3,1,1,30,908.36,0
0,0,8,0,777,8,0,7,3,1,1,30,31.4,1
8,0,38,0,4370,71,5,17,3,1,1,30,197.64,0
0,0,39,0,318,5,7,4,2,1,2,25,46.035,0
10,0,37,0,2453,60,359,24,3,1,1,30,1536.52,0
10,0,38,0,4198,66,1,35,1,1,1,15,240.02,0
3,0,38,0,2393,58,2,33,1,1,1,15,145.805,0
11,0,38,1,3775,82,32,28,3,1,1,30,282.28,0
4,0,38,0,2360,39,285,18,3,1,1,30,1235.96,0
13,0,37,2,9115,121,144,43,3,1,1,30,945.44,0
7,0,38,0,13773,169,0,44,3,1,1,30,557.68,0
7,0,38,1,4515,83,2,25,3,1,1,30,191.92,0
6,0,38,0,5918,95,7,12,3,1,1,30,268.52,0
9,1,38,0,2238,54,8,17,3,1,2,30,123.68,0
25,0,38,3,15140,225,54,32,3,1,1,30,830.6,0
4,0,38,1,3095,27,483,8,3,1,1,30,2056.88,0
9,0,37,0,15485,182,150,30,2,1,1,25,1380.015,0
3,0,37,1,6500,86,186,26,3,1,1,30,1007.44,0
0,0,37,0,875,14,0,11,2,1,2,25,40.005,0
2,0,38,0,710,14,13,8,3,1,2,30,80.96,0
0,0,37,0,0,0,0,0,2,1,2,25,0,1
3,0,37,0,7508,127,384,43,2,1,1,25,2071.575,0
7,0,37,1,11465,154,11,47,4,1,1,45,317.975,0
8,0,37,1,6718,75,108,37,2,1,1,25,791.685,0
23,0,33,0,955,47,16,17,2,1,2,25,117.09,1
21,1,36,8,10435,93,1,42,5,1,1,55,159.42,0
13,0,36,1,5818,98,26,24,2,1,1,25,383.22,1
1,0,34,0,2840,22,0,14,3,1,1,30,114.48,0
9,1,35,0,2990,41,9,16,3,1,2,30,157.24,1
9,0,36,0,2268,44,34,31,3,1,2,30,228.48,1
0,0,36,0,133,2,0,2,3,1,2,30,5.4,1
1,0,36,0,1668,25,0,6,3,1,1,30,67.72,0
3,0,33,1,6785,97,14,22,5,1,1,55,124.23,0
0,0,36,0,628,7,9,4,4,1,2,45,38.375,1
0,0,36,1,338,4,4,2,5,1,1,55,11.13,0
25,0,31,3,16075,238,0,80,2,1,1,25,734.085,0
6,0,34,3,6965,116,271,33,2,2,1,25,1538.145,0
2,0,36,0,3718,82,2,28,2,1,1,25,180,0
3,0,35,0,1665,44,38,20,3,1,2,30,220.36,0
6,0,36,0,2780,53,175,23,2,1,1,25,914.985,0
4,1,27,1,1315,36,193,11,2,2,1,25,929.295,1
4,0,26,0,1568,39,30,68,4,1,1,45,115.175,0
11,0,27,0,700,25,10,7,2,1,2,25,77.625,0
0,0,26,0,825,10,21,3,4,1,2,45,73.375,0
10,0,25,0,1225,32,19,13,2,1,1,25,142.065,0
2,0,25,0,3225,61,8,23,3,1,1,30,163.44,0
2,0,18,0,1695,26,28,14,2,1,1,25,203.445,0
16,0,17,1,6392,141,85,42,2,2,1,25,676.485,0
12,0,15,0,8932,171,73,40,4,1,1,45,410.075,0
8,0,16,3,2852,45,31,19,3,1,1,30,239.88,0
2,0,9,1,4390,40,215,10,3,1,1,30,1037.2,0
3,0,9,1,1487,19,0,7,3,1,1,30,60.24,1
8,0,38,0,4370,71,5,17,3,1,1,30,197.64,0
0,0,39,0,318,5,7,4,2,1,2,25,46.035,0
10,0,37,0,2453,60,359,24,3,1,1,30,1536.52,0
10,0,38,0,4198,66,1,35,1,1,1,15,240.02,0
3,0,38,0,2393,58,2,33,1,1,1,15,145.805,0
11,0,38,1,3775,82,32,28,3,1,1,30,282.28,0
4,0,38,0,2360,39,285,18,3,1,1,30,1235.96,0
13,0,37,2,9115,121,144,43,3,1,1,30,945.44,0
7,0,38,0,13773,169,0,44,3,1,1,30,557.68,0
7,0,38,1,4515,83,2,25,3,1,1,30,191.92,0
6,0,38,0,5918,95,7,12,3,1,1,30,268.52,0
9,1,38,0,2238,54,8,17,3,1,2,30,123.68,0
25,0,38,3,15140,225,54,32,3,1,1,30,830.6,0
4,0,38,1,3095,27,483,8,3,1,1,30,2056.88,0
9,0,37,0,15485,182,150,30,2,1,1,25,1380.015,0
3,0,37,1,6500,86,186,26,3,1,1,30,1007.44,0
0,0,37,0,875,14,0,11,2,1,2,25,40.005,0
2,0,38,0,710,14,13,8,3,1,2,30,80.96,0
0,0,37,0,0,0,0,0,2,1,2,25,0,1
3,0,37,0,7508,127,384,43,2,1,1,25,2071.575,0
7,0,37,1,11465,154,11,47,4,1,1,45,317.975,0
8,0,37,1,6718,75,108,37,2,1,1,25,791.685,0
23,1,33,0,955,47,16,17,2,1,2,25,117.09,1
21,0,36,8,10435,93,1,42,5,1,1,55,159.42,0
13,1,36,1,5818,98,26,24,2,1,1,25,383.22,1
1,0,34,0,2840,22,0,14,3,1,1,30,114.48,0
9,0,35,0,2990,41,9,16,3,1,2,30,157.24,1
9,0,36,0,2268,44,34,31,3,1,2,30,228.48,1
0,0,36,0,133,2,0,2,3,1,2,30,5.4,1
1,0,36,0,1668,25,0,6,3,1,1,30,67.72,0
3,0,33,1,6785,97,14,22,5,1,1,55,124.23,0
0,0,36,0,628,7,9,4,4,1,2,45,38.375,1
0,0,36,1,338,4,4,2,5,1,1,55,11.13,0
25,1,31,3,16075,238,0,80,2,1,1,25,734.085,0
6,0,34,3,6965,116,271,33,2,2,1,25,1538.145,0
2,0,36,0,3718,82,2,28,2,1,1,25,180,0
3,0,35,0,1665,44,38,20,3,1,2,30,220.36,0
6,0,36,0,2780,53,175,23,2,1,1,25,914.985,0
4,0,27,1,1315,36,193,11,2,2,1,25,929.295,0
4,0,26,0,1568,39,30,68,4,1,1,45,115.175,0
11,0,27,0,700,25,10,7,2,1,2,25,77.625,0
0,0,26,0,825,10,21,3,4,1,2,45,73.375,0
10,0,25,0,1225,32,19,13,2,1,1,25,142.065,0
2,0,25,0,3225,61,8,23,3,1,1,30,163.44,0
2,0,18,0,1695,26,28,14,2,1,1,25,203.445,0
16,0,17,1,6392,141,85,42,2,2,1,25,676.485,0
12,0,15,0,8932,171,73,40,4,1,1,45,410.075,0
8,0,16,3,2852,45,31,19,3,1,1,30,239.88,0
2,0,9,1,4390,40,215,10,3,1,1,30,1037.2,0
3,1,9,1,1487,19,0,7,3,1,1,30,60.24,1
3,0,36,0,4065,65,0,15,2,1,1,25,185.85,0
0,0,37,0,0,0,0,0,2,1,2,25,0,0
5,0,35,0,2148,54,352,22,2,1,1,25,1683.09,0
5,0,36,0,3893,60,0,33,1,1,1,15,217.415,0
0,0,36,0,2088,52,0,31,1,1,1,15,117.7,0
6,0,36,0,3470,76,25,26,2,1,1,25,272.07,0
0,0,36,0,2055,33,278,16,3,1,1,30,1195.52,0
8,0,35,1,8810,115,137,41,3,1,1,30,905,0
2,0,36,0,13468,163,0,42,3,1,1,30,545.24,0
2,0,36,0,4210,77,0,23,3,1,1,30,171.48,0
1,0,36,0,5613,89,0,10,2,1,1,25,256.59,0
4,0,36,0,1933,48,1,15,3,1,2,30,83.24,0
20,0,36,2,14835,219,47,30,3,1,1,30,790.16,0
0,0,36,0,2790,21,476,6,3,1,1,30,2016.44,0
4,0,35,0,15180,176,143,28,2,1,1,25,1334.52,0
0,0,35,0,6195,80,179,24,3,1,1,30,967,0
0,0,35,0,570,8,0,9,2,1,2,25,26.01,0
0,0,36,0,405,8,6,6,2,1,2,25,45.585,0
0,0,35,0,0,0,0,0,2,1,2,25,0,1
0,0,35,0,7203,121,377,41,2,1,1,25,2026.08,0
2,0,35,0,11160,148,4,45,3,1,1,30,468.32,0
3,0,35,0,6413,69,101,35,2,1,1,25,746.19,0
18,0,31,0,650,41,9,15,2,1,2,25,71.595,1
16,0,34,7,10130,87,0,40,4,1,1,45,255.425,0
8,1,34,0,5513,92,19,22,2,1,1,25,337.725,1
0,0,32,0,2535,16,0,12,3,1,1,30,102.04,0
4,0,33,0,2685,35,2,14,2,1,2,25,131.4,1
4,0,34,0,1963,38,27,29,3,1,2,30,188.04,1
0,1,34,0,0,0,0,0,3,1,2,30,0,1
0,0,34,0,1363,19,0,4,3,1,1,30,55.28,0
0,0,31,0,6480,91,7,20,4,1,1,45,181.775,0
0,0,34,0,323,1,2,2,4,1,2,45,13.1,1
0,0,34,0,0,0,0,0,5,1,1,55,0,0
20,0,29,2,15770,232,0,78,2,1,1,25,720.09,0
1,0,32,2,6660,110,264,31,2,2,1,25,1492.65,0
0,0,34,0,3413,76,0,26,2,1,1,25,157.005,0
0,0,33,0,1360,38,31,18,3,1,2,30,179.92,0
1,0,34,0,2475,47,168,21,2,1,1,25,869.49,0
0,1,25,0,1010,30,186,9,2,2,1,25,883.8,1
0,0,24,0,1263,33,23,66,4,1,1,45,89.9,0
6,0,25,0,395,19,3,5,2,1,2,25,32.13,0
0,0,24,0,520,4,14,1,4,1,2,45,48.1,0
5,0,23,0,920,26,12,11,2,1,1,25,96.57,0
0,0,23,0,2920,55,1,21,3,1,1,30,123,0
0,0,16,0,1390,20,21,12,2,1,1,25,157.95,0
11,0,15,0,6088,135,78,40,1,2,1,15,771.265,0
7,0,13,0,8628,165,66,38,4,1,1,45,384.825,0
3,0,14,2,2548,39,24,17,3,1,1,30,199.48,0
0,0,7,0,4085,34,208,8,3,1,1,30,996.76,0
0,1,7,0,1183,13,0,5,2,1,2,25,53.82,1
6,0,38,0,4125,68,3,17,2,1,1,25,202.185,0
0,0,39,0,73,2,5,4,2,1,1,25,25.875,0
8,0,37,0,2208,57,357,24,2,1,1,25,1708.425,0
8,0,38,0,3953,63,0,35,1,1,1,15,220.88,0
1,0,38,0,2148,55,0,33,1,1,1,15,121.165,0
9,0,38,1,3530,79,30,28,3,1,1,30,264.36,0
2,0,38,0,2115,36,283,18,3,1,1,30,1218.04,0
11,0,37,2,8870,118,142,43,3,1,1,30,927.52,0
5,0,38,0,13528,166,0,44,3,1,1,30,547.76,0
5,0,38,1,4270,80,0,25,3,1,1,30,174,0
4,0,38,0,5673,92,5,12,2,1,1,25,281.925,0
7,0,38,0,1993,51,6,17,3,1,1,30,105.76,0
23,0,38,3,14895,222,52,32,3,1,1,30,812.68,0
2,0,38,1,2850,24,481,8,3,1,1,30,2038.96,0
7,0,37,0,15240,179,148,30,2,1,1,25,1359.855,0
1,0,37,1,6255,83,184,26,3,1,1,30,989.52,0
0,0,37,0,630,11,0,11,2,1,1,25,28.845,0
0,0,38,0,465,11,11,8,2,1,1,25,70.92,0
0,0,37,0,0,0,0,0,2,1,1,25,0,1
1,0,37,0,7263,124,382,43,2,1,1,25,2051.415,0
5,0,37,1,11220,151,9,47,3,1,1,30,490.84,0
6,0,37,1,6473,72,106,37,2,1,1,25,771.525,0
21,1,33,0,710,44,14,17,2,1,1,25,96.93,1
19,0,36,8,10190,90,0,42,4,1,1,45,257,0
11,1,36,1,5573,95,24,24,2,1,1,25,363.06,1
0,0,34,0,2595,19,0,14,3,1,1,30,104.56,0
7,0,35,0,2745,38,7,16,3,1,1,30,139.32,1
7,1,36,0,2023,41,32,31,3,1,1,30,210.56,1
0,0,36,0,0,0,0,0,3,1,1,30,0,1
0,0,36,0,1423,22,0,6,3,1,1,30,57.8,0
1,0,33,1,6540,94,12,22,4,1,1,45,195.85,0
0,0,36,0,383,4,7,4,4,1,1,45,27.175,1
0,0,36,1,93,1,2,2,5,1,1,55,4.41,0
23,0,31,3,15830,235,0,80,2,1,1,25,722.925,0
4,0,34,3,6720,113,269,33,2,2,1,25,1517.985,0
0,0,36,0,3473,79,0,28,2,1,1,25,159.84,0
1,0,35,0,1420,41,36,20,3,1,1,30,202.44,0
4,0,36,0,2535,50,173,23,2,1,1,25,894.825,0
2,1,27,1,1070,33,191,11,2,2,1,25,909.135,0
2,0,26,0,1323,36,28,68,4,1,1,45,103.975,0
9,0,27,0,455,22,8,7,2,1,1,25,57.465,0
0,0,26,0,580,7,19,3,4,1,1,45,62.175,0
8,0,25,0,980,29,17,13,2,1,1,25,121.905,0
0,0,25,0,2980,58,6,23,3,1,1,30,145.52,0
0,0,18,0,1450,23,26,14,2,1,1,25,183.285,0
14,1,17,1,6148,138,83,42,1,2,1,15,802.23,0
10,0,15,0,8688,168,71,40,4,1,1,45,398.9,0
6,0,16,3,2608,42,29,19,3,1,1,30,222,0
0,0,9,1,4145,37,213,10,3,1,1,30,1019.28,0
1,1,9,1,1243,16,0,7,3,1,1,30,50.36,1
0,0,34,0,4005,62,0,13,2,1,1,25,183.015,0
0,0,35,0,0,0,0,0,2,1,2,25,0,0
2,0,33,0,2088,51,347,20,2,1,1,25,1657.755,0
2,0,34,0,3833,57,0,31,2,1,1,25,175.05,0
0,0,34,0,2028,49,0,29,1,1,1,15,114.235,0
3,0,34,0,3410,73,20,24,2,1,1,25,246.735,0
0,0,34,0,1995,30,273,14,3,1,1,30,1173,0
5,0,33,0,8750,112,132,39,3,1,1,30,882.48,0
0,0,34,0,13408,160,0,40,3,1,1,30,542.72,0
0,0,34,0,4150,74,0,21,3,1,1,30,168.96,0
0,0,34,0,5553,86,0,8,2,1,1,25,253.755,0
1,0,34,0,1873,45,0,13,3,1,2,30,76.72,0
17,0,34,1,14775,216,42,28,2,1,1,25,863.595,0
0,0,34,0,2730,18,471,4,3,1,1,30,1993.92,0
1,0,33,0,15120,173,138,26,2,1,1,25,1309.185,0
0,0,33,0,6135,77,174,22,3,1,1,30,944.48,0
0,0,33,0,510,5,0,7,2,1,2,25,23.175,0
0,0,34,0,345,5,1,4,2,1,2,25,20.25,0
0,0,33,0,0,0,0,0,2,1,2,25,0,1
0,0,33,0,7143,118,372,39,2,1,1,25,2000.745,0
0,0,33,0,11100,145,0,43,3,1,1,30,449.8,0
0,0,33,0,6353,66,96,33,2,1,1,25,720.855,0
15,0,29,0,590,38,4,13,2,1,2,25,46.26,1
13,0,32,6,10070,84,0,38,4,1,1,45,253.85,0
5,1,32,0,5453,89,14,20,2,1,1,25,312.39,1
0,0,30,0,2475,13,0,10,3,1,1,30,99.52,0
1,1,31,0,2625,32,0,12,2,1,2,25,119.565,1
1,0,32,0,1903,35,22,27,3,1,2,30,165.52,1
0,1,32,0,0,0,0,0,2,1,2,25,0,1
0,0,32,0,1303,16,0,2,3,1,1,30,52.76,0
0,0,29,0,6420,88,2,18,4,1,1,45,167.7,0
0,0,32,0,263,1,0,1,3,1,2,30,10.56,1
0,0,32,0,0,0,0,0,4,1,1,45,0,0
17,0,27,1,15710,229,0,76,2,1,1,25,717.255,0
0,0,30,1,6600,107,259,29,2,2,1,25,1467.315,0
0,0,32,0,3353,73,0,24,2,1,1,25,154.17,0
0,0,31,0,1300,35,26,16,3,1,2,30,157.4,0
0,0,32,0,2415,44,163,19,2,1,1,25,844.155,0
0,0,23,0,950,27,181,7,2,2,1,25,858.465,0
0,0,22,0,1203,30,18,64,4,1,1,45,75.825,0
3,0,23,0,335,16,0,3,2,1,2,25,15.795,0
0,0,22,0,0,0,9,0,4,1,2,45,22.5,0
2,0,21,0,860,23,7,9,2,1,1,25,71.235,0
0,0,21,0,2860,52,0,19,3,1,1,30,116.48,0
0,0,14,0,1330,17,16,10,2,1,1,25,132.615,0
8,0,13,0,6028,132,73,38,1,2,1,15,740.3,0
4,0,11,0,8568,162,61,36,4,1,1,45,370.75,0
0,0,12,1,2488,36,19,15,3,1,1,30,176.96,0
0,0,5,0,4025,31,203,6,3,1,1,30,974.24,0
0,1,5,0,1123,10,0,3,2,1,2,25,50.985,1
4,0,40,0,4145,67,8,19,2,1,1,25,225.54,0
0,0,41,0,93,1,10,6,2,1,2,25,49.23,0
6,0,39,0,2228,56,362,26,2,1,1,25,1731.78,0
6,0,40,0,3973,62,4,37,2,1,1,25,199.575,0
0,0,40,0,2168,54,5,35,1,1,1,15,149.71,0
7,0,40,1,3550,78,35,30,3,1,1,30,285.12,0
0,0,40,0,2135,35,288,20,3,1,1,30,1238.8,0
9,0,39,2,8890,117,147,45,3,1,1,30,948.28,0
3,0,40,0,13548,165,3,46,3,1,1,30,560.52,0
3,0,40,1,4290,79,5,27,3,1,1,30,194.76,0
2,0,40,0,5693,91,10,14,2,1,1,25,305.28,0
5,0,40,0,2013,50,11,19,3,1,2,30,126.52,0
21,0,40,3,14915,221,57,34,3,1,1,30,833.44,0
0,0,40,1,2870,23,486,10,3,1,1,30,2059.72,0
5,0,39,0,15260,178,153,32,2,1,1,25,1383.21,0
0,0,39,1,6275,82,189,28,3,1,1,30,1010.28,0
0,0,39,0,650,10,3,13,2,1,2,25,43.2,0
0,0,40,0,485,10,16,10,2,1,2,25,94.275,0
0,0,39,0,0,0,3,0,2,1,2,25,13.5,1
0,0,39,0,7283,123,387,45,2,1,1,25,2074.77,0
3,0,39,1,11240,150,14,49,3,1,1,30,511.6,0
4,0,39,1,6493,71,111,39,2,1,1,25,794.88,0
19,0,35,0,730,43,19,19,2,1,2,25,120.285,1
17,0,38,8,10210,89,4,44,4,2,1,45,267.475,0
9,0,38,1,5593,94,29,26,2,1,1,25,386.415,1
0,0,36,0,2615,18,3,16,3,1,1,30,117.32,0
5,1,37,0,2765,37,12,18,2,1,2,25,180.09,1
5,0,38,0,2043,40,37,33,3,1,2,30,231.32,1
0,0,38,0,0,0,3,0,3,1,2,30,12,1
0,0,38,0,1443,21,3,8,3,1,1,30,70.56,0
0,0,35,1,6560,93,17,24,4,1,1,45,208.825,0
0,1,38,0,403,3,12,6,4,1,2,45,40.15,1
0,0,38,1,0,0,7,0,5,1,1,55,10.5,0
21,0,33,3,15850,234,3,82,2,1,1,25,737.28,0
2,0,36,3,6740,112,274,35,2,2,1,25,1541.34,0
0,0,38,0,3493,78,5,30,2,1,1,25,183.195,0
0,0,37,0,1440,40,41,22,3,1,2,30,223.2,0
2,0,38,0,2555,49,178,25,2,1,1,25,918.18,0
0,0,29,1,1090,32,196,13,2,2,1,25,932.49,0
0,0,28,0,1343,35,33,70,4,1,1,45,116.95,0
7,0,29,0,475,21,13,9,2,1,2,25,80.82,0
0,0,28,0,600,6,24,5,4,1,2,45,75.15,0
6,0,27,0,1000,28,22,15,2,1,1,25,145.26,0
0,0,27,0,3000,57,11,25,3,1,1,30,166.28,0
0,0,20,0,1470,22,31,16,2,1,1,25,206.64,0
12,0,19,1,6168,137,88,44,1,2,1,15,830.775,0
8,0,17,0,8708,167,76,42,4,1,1,45,411.875,0
4,0,18,3,2628,41,34,21,3,1,1,30,242.76,0
0,0,11,1,4165,36,218,12,3,1,1,30,1040.04,0
0,1,11,1,1263,15,3,9,3,1,1,30,63.12,1
2,0,32,0,3985,63,0,11,2,1,1,25,182.16,0
0,0,33,0,0,0,0,0,2,1,2,25,0,0
4,0,31,0,2068,52,342,18,2,1,1,25,1634.4,0
4,0,32,0,3813,58,0,29,1,1,1,15,212.905,0
0,0,32,0,2008,50,0,27,1,1,1,15,113.19,0
5,0,32,0,3390,74,15,22,2,1,1,25,223.38,0
0,0,32,0,1975,31,268,12,3,1,1,30,1152.24,0
7,0,31,0,8730,113,127,37,3,1,1,30,861.72,0
1,0,32,0,13388,161,0,38,3,1,1,30,541.96,0
1,0,32,0,4130,75,0,19,3,1,1,30,168.2,0
0,0,32,0,5533,87,0,6,2,1,1,25,252.9,0
3,0,32,0,1853,46,0,11,3,1,2,30,75.96,0
19,0,32,1,14755,217,37,26,3,1,1,30,746.88,0
0,0,32,0,2710,19,466,2,3,1,1,30,1973.16,0
3,0,31,0,15100,174,133,24,2,1,1,25,1285.83,0
0,0,31,0,6115,78,169,20,3,1,1,30,923.72,0
0,0,31,0,490,6,0,5,2,1,2,25,22.32,0
0,0,32,0,325,6,0,2,2,1,2,25,14.895,0
0,0,31,0,0,0,0,0,2,1,2,25,0,1
0,0,31,0,7123,119,367,37,2,1,1,25,1977.39,0
1,0,31,0,11080,146,0,41,3,1,1,30,449.04,0
2,0,31,0,6333,67,91,31,2,1,1,25,697.5,0
17,0,27,0,570,39,0,11,2,1,2,25,27.405,1
15,0,30,6,10050,85,0,36,4,1,1,45,253.375,0
7,0,30,0,5433,90,9,18,2,1,1,25,289.035,1
0,0,28,0,2455,14,0,8,3,1,1,30,98.76,0
3,1,29,0,2605,33,0,10,2,1,2,25,118.71,1
3,0,30,0,1883,36,17,25,3,1,2,30,144.76,1
0,0,30,0,0,0,0,0,2,1,2,25,0,1
0,0,30,0,1283,17,0,5,3,1,1,30,52,0
0,0,27,0,6400,89,0,16,4,1,1,45,162.225,0
0,1,30,0,0,0,0,0,4,1,2,45,0,1
0,0,30,0,0,0,0,0,4,1,1,45,0,0
19,0,25,1,15690,230,0,74,2,1,1,25,716.4,0
0,0,28,1,6580,108,254,27,2,2,1,25,1443.96,0
0,0,30,0,3333,74,0,22,2,1,1,25,153.315,0
0,0,29,0,1280,36,21,14,3,1,2,30,136.64,0
0,0,30,0,2395,45,158,17,2,1,1,25,820.8,0
0,0,21,0,930,28,176,5,2,2,1,25,835.11,0
0,0,20,0,1183,31,13,62,4,1,1,45,62.85,0
5,0,21,0,315,17,0,1,2,1,2,25,14.94,0
0,0,20,0,0,0,4,0,4,1,2,45,10,0
4,0,19,0,840,24,2,7,2,1,1,25,47.88,0
0,0,19,0,2840,53,0,17,3,1,1,30,115.72,0
0,0,12,0,1310,18,11,8,2,1,1,25,109.26,0
10,0,11,0,6008,133,68,36,1,2,1,15,711.755,0
6,0,9,0,8548,163,56,34,4,1,1,45,357.775,0
2,0,10,1,2468,37,14,13,3,1,1,30,156.2,0
0,0,3,0,4005,32,198,4,3,1,1,30,953.48,0
0,0,3,0,1103,11,0,1,2,1,1,25,50.13,1
8,0,42,0,4325,75,13,21,3,1,1,30,228,0
0,0,43,0,273,9,15,8,2,1,2,25,80.19,0
10,0,41,0,2408,64,367,28,3,1,1,30,1566.88,0
10,0,42,0,4153,70,9,39,1,1,1,15,281.765,0
3,0,42,0,2348,62,10,37,1,1,1,15,187.55,0
11,0,42,1,3730,86,40,32,3,1,1,30,312.64,0
4,0,42,0,2315,43,293,22,3,1,1,30,1266.32,0
13,0,41,2,9070,125,152,47,3,1,1,30,975.8,0
7,0,42,0,13728,173,8,48,3,1,1,30,588.04,0
7,0,42,1,4470,87,10,29,3,1,1,30,222.28,0
6,0,42,0,5873,99,15,16,3,1,1,30,298.88,0
9,1,42,0,2193,58,16,21,3,1,2,30,154.04,0
25,0,42,3,15095,229,62,36,3,1,1,30,860.96,0
4,0,42,1,3050,31,491,12,3,1,1,30,2087.24,0
9,0,41,0,15440,186,158,34,2,1,1,25,1414.17,0
3,0,41,1,6455,90,194,30,3,1,1,30,1037.8,0
0,0,41,0,830,18,8,15,2,1,2,25,74.16,0
2,0,42,0,665,18,21,12,3,1,2,30,111.32,0
0,0,41,0,0,0,8,0,2,1,2,25,36,1
3,0,41,0,7463,131,392,47,2,1,1,25,2105.73,0
7,0,41,1,11420,158,19,51,4,1,1,45,336.95,0
8,0,41,1,6673,79,116,41,2,1,1,25,825.84,0
23,1,37,0,910,51,24,21,2,1,2,25,151.245,1
21,1,40,8,10390,97,9,46,5,2,1,55,170.805,0
13,0,40,1,5773,102,34,28,2,1,1,25,417.375,0
1,0,38,0,2795,26,8,18,3,1,1,30,144.84,0
9,1,39,0,2945,45,17,20,3,1,2,30,187.6,1
9,0,40,0,2223,48,42,35,3,1,2,30,258.84,1
0,0,40,0,88,6,8,6,3,1,2,30,35.76,1
1,0,40,0,1623,29,8,10,3,1,1,30,98.08,0
3,0,37,1,6740,101,22,26,5,1,1,55,135.615,0
0,1,40,0,583,11,17,8,4,1,2,45,57.35,1
0,0,40,1,293,8,12,6,5,1,1,55,22.515,0
25,0,35,3,16030,242,8,84,2,1,1,25,768.24,0
6,0,38,3,6920,120,279,37,2,2,1,25,1572.3,0
2,0,40,0,3673,86,10,32,2,1,1,25,214.155,0
3,0,39,0,1620,48,46,24,3,1,2,30,250.72,0
6,0,40,0,2735,57,183,27,2,1,1,25,949.14,0
4,0,31,1,1270,40,201,15,2,2,1,25,963.45,0
4,0,30,0,1523,43,38,72,4,1,1,45,134.15,0
11,0,31,0,655,29,18,11,2,1,2,25,111.78,0
0,0,30,0,780,14,29,7,4,1,2,45,92.35,0
10,0,29,0,1180,36,27,17,2,1,1,25,176.22,0
2,0,29,0,3180,65,16,27,3,1,1,30,193.8,0
2,0,22,0,1650,30,36,18,2,1,1,25,237.6,0
16,0,21,1,6348,145,93,46,2,2,1,25,710.685,0
12,0,19,0,8888,175,81,44,4,1,1,45,429.075,0
8,0,20,3,2808,49,39,23,3,1,1,30,270.28,0
2,0,13,1,4345,44,223,14,3,1,1,30,1067.56,0
3,0,13,1,1443,23,8,11,3,1,1,30,90.64,1
0,0,30,0,3805,55,0,9,2,1,1,25,173.7,0
0,0,31,0,0,0,0,0,2,1,2,25,0,0
0,0,29,0,1888,44,337,16,2,1,1,25,1603.44,0
0,0,30,0,3633,50,0,27,1,1,1,15,202.565,0
0,0,30,0,1828,42,0,25,1,1,1,15,102.85,0
1,0,30,0,3210,66,10,20,2,1,1,25,192.42,0
0,0,30,0,1795,23,263,10,3,1,1,30,1124.72,0
3,0,29,0,8550,105,122,35,3,1,1,30,834.2,0
0,0,30,0,13208,153,0,36,3,1,1,30,534.44,0
0,0,30,0,3950,67,0,17,3,1,1,30,160.68,0
0,0,30,0,5353,79,0,4,2,1,1,25,244.44,0
0,0,30,0,1673,38,0,9,3,1,2,30,68.44,0
15,0,30,1,14575,209,32,24,2,1,1,25,809.28,0
0,0,30,0,2530,11,461,7,3,1,1,30,1945.64,0
0,0,29,0,14920,166,128,22,2,1,1,25,1254.87,0
0,0,29,0,5935,70,164,18,3,1,1,30,896.2,0
0,0,29,0,0,0,0,0,2,1,2,25,0,0
0,0,30,0,0,0,0,0,2,1,2,25,0,0
0,0,29,0,0,0,0,0,2,1,2,25,0,1
0,0,29,0,6943,111,362,35,2,1,1,25,1946.43,0
0,0,29,0,10900,138,0,39,3,1,1,30,441.52,0
0,0,29,0,6153,59,86,29,2,1,1,25,666.54,0
13,1,25,0,390,31,0,9,2,1,2,25,18.945,1
11,0,28,6,9870,77,0,34,4,2,1,45,248.675,0
3,0,28,0,5253,82,4,16,2,1,1,25,258.075,1
0,0,26,0,2275,6,0,6,3,1,1,30,91.24,0
0,1,27,0,2425,25,0,8,2,1,2,25,110.25,1
0,1,28,0,1703,28,12,23,3,1,2,30,117.24,1
0,0,28,0,0,0,0,0,2,1,2,25,0,1
0,0,28,0,0,0,0,0,3,1,1,30,0,0
0,0,25,0,6220,81,0,14,4,1,1,45,157.525,0
0,0,28,0,0,0,0,0,3,1,2,30,0,1
0,1,28,0,0,0,0,0,4,1,1,45,0,1
15,0,23,1,15510,222,0,72,2,1,1,25,707.94,0
0,0,26,1,6400,100,249,25,2,2,1,25,1413,0
0,0,28,0,3153,66,0,20,2,1,1,25,144.855,0
0,0,27,0,1100,28,16,12,3,1,2,30,109.12,0
0,0,28,0,2215,37,153,15,2,1,1,25,789.84,0
0,0,19,0,750,20,171,3,2,2,1,25,804.15,0
0,0,18,0,1003,23,8,60,4,1,1,45,45.65,0
0,0,19,0,0,0,0,0,2,1,2,25,0,0
0,0,18,0,0,0,0,0,4,1,2,45,0,0
0,0,17,0,660,16,0,5,2,1,1,25,30.42,0
0,0,17,0,2660,45,0,15,3,1,1,30,108.2,0
0,0,10,0,1130,10,6,6,2,1,1,25,78.3,0
6,0,9,0,5828,125,63,34,1,2,1,15,673.915,0
2,0,7,0,8368,155,51,32,4,1,1,45,340.575,0
0,0,8,1,2288,29,9,11,3,1,1,30,128.68,0
0,0,3,0,3825,24,193,2,2,1,1,25,1041.705,0
0,0,3,0,0,0,0,0,2,1,1,25,0,1
5,0,39,0,4245,73,9,20,2,1,1,25,234.81,0
0,0,40,0,193,7,11,7,2,1,2,25,58.5,0
7,0,38,0,2328,62,363,27,2,1,1,25,1741.05,0
7,0,39,0,4073,68,5,38,1,1,1,15,255.255,0
0,0,39,0,2268,60,6,36,1,1,1,15,161.04,0
8,0,39,0,3650,84,36,31,2,1,1,25,330.03,0
1,0,39,0,2235,41,289,21,3,1,1,30,1247.04,0
10,0,38,1,8990,123,148,46,3,1,1,30,956.52,0
4,0,39,0,13648,171,4,47,3,1,1,30,568.76,0
4,0,39,0,4390,85,6,28,3,1,1,30,203,0
3,0,39,0,5793,97,11,15,2,1,1,25,314.55,0
6,0,39,0,2113,56,12,20,3,1,2,30,134.76,0
22,0,39,2,15015,227,58,35,3,1,1,30,841.68,0
1,0,39,0,2970,29,487,11,3,1,1,30,2067.96,0
6,0,38,0,15360,184,154,33,2,1,1,25,1392.48,0
0,0,38,0,6375,88,190,29,3,1,1,30,1018.52,0
0,0,38,0,750,16,4,14,2,1,2,25,52.47,0
0,0,39,0,585,16,17,11,2,1,2,25,103.545,0
0,0,38,0,0,0,4,0,2,1,2,25,18,1
0,0,38,0,7383,129,388,46,2,1,1,25,2084.04,0
4,0,38,0,11340,156,15,50,3,1,1,30,519.84,0
5,0,38,0,6593,77,112,40,2,1,1,25,804.15,0
20,1,34,0,830,49,20,20,2,1,2,25,129.555,1
18,0,37,7,10310,95,5,45,4,2,1,45,272.625,0
10,0,37,0,5693,100,30,27,2,1,1,25,395.685,1
0,0,35,0,2715,24,4,17,3,1,1,30,125.56,0
6,1,36,0,2865,43,13,19,2,1,2,25,189.36,1
6,1,37,0,2143,46,38,34,3,1,2,30,239.56,1